Price,year,month,dayofmonth,quarter,dayofyear,weekofyear,dayofweek,c_DBSCAN,c_BIRCH,pca1,pca2,diff1,diff2,d_m3,d_m12,exp_0_05,exp_0_03,exp_0_08
257.738,1979,5,31,2,151,22,3,0,0,-0.6465764474864947,0.5239470916544116,0.0,0.0,,,257.738,257.738,257.738
279.36,1979,6,30,2,181,26,5,0,0,-0.4362253900237,-0.6441275444906516,21.621999740600586,0.0,,,258.8191,258.38666,259.46776
295.009,1979,7,31,3,212,31,1,1,2,0.6534473916843008,1.4426247558435594,15.64900016784668,15.64900016784668,277.36899999999997,,260.628595,259.4853302,262.31105920000005
300.793,1979,8,31,3,243,35,4,1,2,1.0838163267335155,-0.003650168944386448,5.783999919891357,-15.83799934387207,291.72066666666666,,262.63681525000004,260.724560294,265.38961446400003
354.49800000000005,1979,9,30,3,273,39,6,1,2,1.2941673841963235,-1.1717248050894524,53.70500183105469,38.055999755859375,316.7666666666667,,267.2298744875,263.53776348518,272.51828530688005
390.959,1979,10,31,4,304,44,2,1,2,2.3838401659043105,0.9150274952447603,36.46099853515625,30.676998138427734,348.75,,273.416330763125,267.36040058062457,281.99354248232964
391.51800000000003,1979,11,30,4,334,48,4,1,2,2.59419122336712,-0.2530471409003013,0.5590000152587891,-53.14600372314453,378.9916666666666,,279.32141422496875,271.08512856320584,290.7554990837433
463.666,1979,12,31,4,365,1,0,1,2,1.6925461836125861,2.3102774289761747,72.14800262451172,35.68700408935547,415.3809999999999,,288.53864351372033,276.86255470630965,304.58833915704383
674.58,1980,1,31,1,31,5,3,0,0,-2.7752311609385587,0.5814150158380127,210.91400146484375,210.35499572753906,509.9213333333333,,307.8407113380343,288.79407806512035,334.1876720244804
665.893,1980,2,29,1,60,9,4,0,0,-2.784897981062156,-0.30845933166417117,-8.687000274658203,-80.83500671386719,601.3796666666667,,325.74332577113256,300.1070457231667,360.7240982625219
554.276,1980,3,31,1,91,14,0,0,0,-1.9387485090162846,1.9480760027529924,-111.61699676513672,-322.531005859375,631.583,,337.1699594825759,307.73211435147175,376.2082504015202
516.71,1980,4,30,2,121,18,2,0,0,-1.2745984250345646,0.8061392787121173,-37.566001892089844,-28.87900161743164,578.9596666666666,428.75,346.14696150844713,314.0014509209276,387.4483903693986
514.268,1980,5,31,2,152,22,5,0,0,-0.6339537731285552,-0.4442146998886876,-2.441999912261963,109.17499542236328,528.418,450.1275,354.5530134330247,320.00944739329975,397.59395913984673
600.786,1980,6,30,2,182,27,0,0,0,-0.4283736123826805,1.6986790307970745,86.51799774169922,124.08399963378906,543.9213333333333,476.913,366.86466276137344,328.4327439715007,413.849322408659
645.75,1980,7,31,3,213,31,3,0,0,0.6660700660422405,0.4744629643004593,44.9640007019043,47.406002044677734,586.9346666666667,506.14141666666666,380.8089296233048,337.9522616523557,432.40137661596634
626.36,1980,8,31,3,244,35,6,0,0,1.0964390010914549,-0.9718119604874873,-19.389999389648438,-105.90799713134766,624.2986666666667,533.272,393.0864831421395,346.604493802785,447.9180664866891
673.941,1980,9,30,3,274,40,1,0,0,1.3020191618373294,1.171081770198275,47.58100128173828,2.6170005798339844,648.6836666666668,559.89225,407.1292089850325,356.42458898870143,465.999901167754
662.27,1980,10,31,4,305,44,4,0,0,2.3964628402622505,-0.053134296298340246,-11.670999526977539,7.718999862670898,654.1903333333335,582.5015000000001,419.88624853578085,365.59995131904043,481.7015090743337
623.875,1980,11,30,4,335,48,6,0,0,2.6068138977250594,-1.2212089324434054,-38.39500045776367,-85.97599792480469,653.3620000000001,601.8645833333334,430.0856861089918,373.3482027794692,493.0753883483871
596.712,1980,12,31,4,366,1,2,0,0,1.7051688579705246,1.342115637433075,-27.163000106811523,-15.492000579833984,627.619,612.9517500000001,438.4170018035422,380.04911669608515,501.36631728051617
557.813,1981,1,31,1,31,5,5,0,0,-2.76744513790302,-0.38700209377849754,-38.89899826049805,-0.503997802734375,592.8000000000001,603.2211666666668,444.38680171336506,385.3820331952026,505.8820518980749
500.8,1981,2,28,1,59,9,5,0,0,-2.997129835613023,-0.9986761526378,-57.01300048828125,-29.850000381469727,551.7750000000001,589.4634166666668,447.20746162769683,388.84457219934654,505.47548774622896
499.69300000000004,1981,3,31,1,90,14,1,0,0,-1.940704646710356,1.4537801279665052,-1.1069999933242798,37.79199981689453,519.4353333333335,584.9148333333335,449.83173854631195,392.17002503336613,505.01288872653066
496.625,1981,4,30,2,120,18,3,0,0,-1.2765545627286357,0.31184340392562976,-3.068000078201294,53.94499969482422,499.03933333333345,583.2410833333334,452.17140161899636,395.30367428236514,504.34185762840826
480.316,1981,5,31,2,151,22,6,0,0,-0.6359099108226265,-0.9385105746751752,-16.30900001525879,-15.20199966430664,492.21133333333347,580.4117500000001,453.5786315380465,397.85404405389414,502.4197890181356
460.5,1981,6,30,2,181,27,1,0,0,-0.43032975007675167,1.2043831560105867,-19.81599998474121,-16.74799919128418,479.14700000000016,568.7212500000002,453.92469996114414,399.7334227322773,499.0662058966848
409.284,1981,7,31,3,212,31,4,1,2,0.6641139283481694,-0.0198329104860282,-51.215999603271484,-34.90699768066406,450.0333333333335,549.0157500000001,451.69266496308694,400.019940050309,491.88362942495
410.24,1981,8,31,3,243,36,0,1,2,1.08971196668045,1.844860531556853,0.9559999704360962,20.77199935913086,426.6746666666668,531.0057500000001,449.62003171493257,400.32654184879976,485.3521390709541
443.773,1981,9,30,3,273,40,2,1,2,1.3000630241432583,0.6767858954117874,33.53300094604492,84.7490005493164,421.09900000000016,511.82508333333345,449.3276801291859,401.6299355933358,482.0258079452778
437.68,1981,10,31,4,304,44,5,1,2,2.3945067025681794,-0.5474301710848272,-6.0929999351501465,-7.048999786376953,430.56433333333354,493.10925000000015,448.74529612272664,402.7114375255357,478.4781433096556
413.405,1981,11,30,4,334,49,0,1,2,2.6000868633140546,1.5954635596009343,-24.274999618530273,-57.80799865722656,431.61933333333354,475.57008333333346,446.9782813165903,403.03224439976964,473.27229184488317
410.119,1981,12,31,4,365,53,3,1,2,3.2407315152200638,0.3451095810001296,-3.2860000133514404,2.806999921798706,420.4013333333335,460.0206666666668,445.13531725076075,403.2448470677765,468.22002849729256
384.163,1982,1,31,1,31,4,6,0,0,-2.7941322934082224,-0.8713751469983743,-25.95599937438965,-1.680999755859375,402.5623333333335,445.5498333333335,442.0867013882227,402.67239165574324,461.4954662175092
374.458,1982,2,28,1,59,8,6,0,0,-3.0238169911182244,-1.4830492058576772,-9.704999923706055,-6.418999671936035,389.5800000000002,435.0213333333334,438.70526631881154,401.8259599060709,454.5324689201085
330.413,1982,3,31,1,90,13,2,0,0,-1.9673918022155572,0.9694070747466283,-44.04499816894531,-18.088998794555664,363.01133333333354,420.9146666666668,433.29065300287095,399.68357110888877,444.60291140649986
350.335,1982,4,30,2,120,17,4,0,0,-1.3032417182338374,-0.17252964929424677,19.922000885009766,29.62700080871582,351.73533333333353,408.72383333333346,429.1428703527274,398.2031139756221,437.06147849397985
334.505,1982,5,31,2,151,22,0,0,0,-0.6673679630447618,1.888084738935775,-15.829999923706055,28.214998245239258,338.4176666666669,396.5729166666668,424.41097683509105,396.2921705563534,428.8569602144615
314.961,1982,6,30,2,181,26,2,0,0,-0.45701690558195307,0.7200101027907102,-19.54400062561035,-39.46600341796875,333.2670000000002,384.4446666666668,418.93847799333645,393.8522354396628,419.7452833973046
337.895,1982,7,31,3,212,30,5,1,2,0.6374267728429679,-0.504205963705905,22.93400001525879,38.763999938964844,329.1203333333335,378.4955833333335,414.8863040936696,392.1735183764729,413.1972607255202
363.413,1982,8,31,3,243,35,1,1,2,1.0630248111752483,1.3604874783369758,25.51799964904785,45.0620002746582,338.75633333333354,374.59333333333353,412.3126388889861,391.31070282517874,409.2145198674786
438.15,1982,9,30,3,273,39,3,1,2,1.273375868638057,0.19241284219191088,74.73699951171875,51.803001403808594,379.81933333333353,374.1247500000002,413.60450694453675,392.71588174042336,411.52935827808034
422.786,1982,10,31,4,304,43,6,1,2,2.367819547062978,-1.0318032243047042,-15.36400032043457,-40.88199996948242,408.11633333333356,372.8835833333335,414.0635815973099,393.61798528821066,412.42988961583393
415.11400000000003,1982,11,30,4,334,48,1,1,2,2.573399707808852,1.1110905063810579,-7.671999931335449,-82.40899658203125,425.3500000000002,373.02600000000024,414.1161025174444,394.26286572956434,412.6446184465672
444.776,1982,12,31,4,365,52,4,1,2,3.2140443597148627,-0.13926347221974678,29.66200065612793,45.0260009765625,427.55866666666697,375.91408333333356,415.6490973915722,395.7782597576774,415.2151289708419
481.838,1983,1,31,1,31,5,0,0,0,-2.7960226764968272,1.9455526631193758,37.0620002746582,44.73400115966797,447.24266666666693,384.05366666666686,418.9585425219936,398.36005196494705,420.54495865317455
493.48800000000006,1983,2,28,1,59,9,0,0,0,-3.025707374206829,1.333878604260073,11.649999618530273,-18.012001037597656,473.3673333333336,393.97283333333354,422.6850153958939,401.21389040599865,426.3804019609206
420.707,1983,3,31,1,90,13,3,0,0,-1.9645112885872278,0.4753665180335507,-72.78099822998047,-109.84300231933594,465.3443333333335,401.49733333333353,422.5861146260992,401.7986836938187,425.926529804047
433.171,1983,4,30,2,120,17,5,0,0,-1.300361204605508,-0.6665702060073243,12.46399974822998,0.814000129699707,449.12200000000024,408.40033333333355,423.1153588947942,402.73985318300413,426.50608741972326
437.39300000000003,1983,5,31,2,151,22,1,0,0,-0.6644874494164322,1.3940441822226977,4.2220001220703125,77.00299835205078,430.42366666666686,416.97433333333356,423.82924095005444,403.77944758751397,427.3770404261454
413.148,1983,6,30,2,181,26,3,0,0,-0.4541363919536237,0.22596954607763273,-24.2450008392334,-36.70899963378906,427.9040000000003,425.1565833333336,423.2951789025517,404.0605041598885,426.2387171920538
422.645,1983,7,31,3,212,30,6,1,2,0.6403072864712974,-0.9982465204189829,9.496999740600586,5.274999618530273,424.3953333333336,432.2190833333336,423.26266995742407,404.61803903509184,425.9512198166895
416.205,1983,8,31,3,243,35,2,1,2,1.0659053248035777,0.8664469216238985,-6.440000057220459,17.80500030517578,417.3326666666669,436.61841666666686,422.90978645955283,404.96564786403906,425.17152223135434
412.245,1983,9,30,3,273,39,4,1,2,1.2762563822663864,-0.30162771452116666,-3.9600000381469727,-13.456999778747559,417.0316666666669,434.45966666666686,422.3765471365752,405.18402842811787,424.137400452846
394.245,1983,10,31,4,304,44,0,1,2,2.365929163974373,1.7851245858130456,-18.0,-11.559999465942383,407.5650000000002,432.0812500000002,420.9699697797464,404.85585757527434,421.74600841661834
381.01599999999996,1983,11,30,4,334,48,2,1,2,2.5762802214371816,0.6170499496679803,-13.229000091552734,-9.269000053405762,395.8353333333336,429.2397500000002,418.97227129075907,404.14066184801607,418.4876077432889
388.06,1983,12,31,4,365,52,5,1,2,3.2169248733431917,-0.6333040289328248,7.044000148773193,25.04400062561035,387.77366666666694,424.5134166666669,417.4266577262211,403.65824199257554,416.0533991238258
370.735,1984,1,31,1,31,5,1,0,0,-2.7931421628684974,1.4515121064062977,-17.325000762939453,-4.096000671386719,379.93700000000035,415.2548333333336,415.09207483991,402.67054473279825,412.42792719391974
386.038,1984,2,29,1,60,9,2,0,0,-2.802808982992094,0.561637758904114,15.303000450134277,8.259000778198242,381.61100000000033,406.3006666666669,413.6393710979145,402.1715683908143,410.3167330184062
394.74300000000005,1984,3,31,1,91,13,5,0,0,-1.9518886142292886,-0.4927952735095497,8.704999923706055,26.030000686645508,383.838666666667,404.1370000000002,412.69455254301874,401.9487113390898,409.0708343769337
381.371,1984,4,30,2,121,18,0,0,0,-1.2925094269645026,1.6762363692804028,-13.371999740600586,-28.674999237060547,387.3840000000003,399.82033333333356,411.1283749158678,401.3313799989171,406.854847626779
376.957,1984,5,31,2,152,22,3,0,0,-0.6518647750584927,0.42588239067959754,-4.414000034332275,-13.118999481201172,384.35700000000026,394.7840000000003,409.4198061700744,400.6001485989496,404.46301981663674
378.314,1984,6,30,2,182,26,5,0,0,-0.44151371759568403,-0.7421922454654675,1.3569999933242798,14.729000091552734,378.8806666666669,391.88116666666696,407.8645158615707,399.9315641409811,402.37109823130584
347.598,1984,7,31,3,213,31,1,1,2,0.648159064112303,1.3445600548687446,-30.715999603271484,-26.302000045776367,367.6230000000002,385.6272500000003,404.85119006849214,398.36155721675163,397.9892503728014
347.67699999999996,1984,8,31,3,244,35,4,1,2,1.078527999161517,-0.10171486991920181,0.07900000363588333,-1.277999997138977,357.8630000000001,379.9165833333336,401.9924805650675,396.8410205002491,393.96427034297733
340.945,1984,9,30,3,274,39,6,1,2,1.2888790566243258,-1.2697895060642668,-6.73199987411499,23.983999252319336,345.40666666666675,373.97491666666696,398.94010653681414,395.1641398852416,389.7227287155392
340.217,1984,10,31,4,305,44,2,1,2,2.3785518383323128,0.8169627942699451,-0.7279999852180481,-0.8069999814033508,342.9463333333335,369.4725833333336,396.0039512099734,393.5157256886843,385.76227041829605
341.286,1984,11,30,4,335,48,4,1,2,2.5889028957951217,-0.3511118418751198,1.069000005722046,7.800999641418457,340.8160000000002,366.16175000000027,393.2680536494747,391.9488339180238,382.2041687848324
319.622,1984,12,31,4,366,1,0,1,2,1.6872578560405873,2.21221272800136,-21.663999557495117,-20.935998916625977,333.70833333333354,360.4585833333336,389.585750967001,389.77902890048307,377.1975952820459
302.85200000000003,1985,1,31,1,31,5,3,0,0,-2.785356139832959,0.48309499678978773,-16.770000457763672,-17.839000701904297,321.2533333333336,354.80166666666696,385.24906341865096,387.17121803346856,371.24994765948225
299.83299999999997,1985,2,28,1,59,9,3,0,0,-3.0150408375429603,-0.12857906206951486,-3.0190000534057617,18.645000457763672,307.4356666666669,347.6179166666669,380.97826024771837,384.5510714924645,365.5365918467237
303.205,1985,3,31,1,90,13,6,0,0,-1.9538447519233604,-0.9870911482960367,3.371999979019165,20.142000198364258,301.96333333333354,339.98975000000024,377.08959723533246,382.11068934769054,360.5500644989858
324.883,1985,4,30,2,120,18,1,0,0,-1.2944655646585737,1.181940494493915,21.67799949645996,24.696998596191406,309.3070000000002,335.2824166666669,374.4792673735658,380.3938586672598,357.6966993390669
316.395,1985,5,31,2,151,22,4,0,0,-0.6538209127525642,-0.06841348410689015,-8.48799991607666,-11.859999656677246,314.82766666666686,330.23558333333364,371.5750540048875,378.473892907242,354.39256339194156
316.298,1985,6,30,2,181,26,6,0,0,-0.4434698552897554,-1.2364881202519558,-0.09700000286102295,-21.774999618530273,319.1920000000002,325.06758333333363,368.81120130464313,376.6086161200247,351.3449983205862
317.202,1985,7,31,3,212,31,2,1,2,0.6462029264182317,0.850264180082257,0.9039999842643738,9.392000198364258,316.63166666666683,322.5345833333336,366.230741239411,374.8264176364239,348.6135584549394
330.131,1985,8,31,3,243,35,5,1,2,1.0765718614674458,-0.5960107447056892,12.928999900817871,13.026000022888184,321.21033333333344,321.072416666667,364.4257541774404,373.4855551073312,347.13495377854423
323.764,1985,9,30,3,273,40,0,1,2,1.282152022213321,1.5468829859800721,-6.367000102996826,-7.270999908447266,323.6990000000001,319.64066666666696,362.3926664685684,371.99390845411125,345.2652774762607
326.093,1985,10,31,4,304,44,3,1,2,2.3765957006382417,0.3226669194834577,2.3289999961853027,-10.600000381469727,326.66266666666684,318.46366666666694,360.57768314513993,370.61688120048785,343.73149527815985
325.548,1985,11,30,4,334,48,5,1,2,2.5869467581010506,-0.8454077166616071,-0.5450000166893005,5.822000026702881,325.13500000000016,317.152166666667,358.8261989878829,369.2648147644732,342.27681565590706
321.985,1985,12,31,4,365,1,1,1,2,1.685301718346517,1.7179168532148723,-3.562999963760376,-5.892000198364258,324.5420000000002,317.3490833333336,356.9841390384887,367.84642032153903,340.65347040343454
345.561,1986,1,31,1,31,5,4,0,0,-2.782475626204629,-0.01094555992328985,23.576000213623047,24.121000289916992,331.0313333333335,320.908166666667,356.4129820865643,367.17785771189284,341.0460727711598
339.05300000000005,1986,2,28,1,59,9,4,0,0,-3.0121603239146304,-0.6226196187825924,-6.507999897003174,-2.944999933242798,335.5330000000002,324.1765000000003,355.54498298223604,366.334111980536,340.88662694946703
346.095,1986,3,31,1,90,14,0,0,0,-1.955735135011964,1.8298366618217123,7.041999816894531,-16.534000396728516,343.56966666666693,327.750666666667,355.07248383312424,365.7269386211199,341.30329679350973
340.716,1986,4,30,2,120,18,2,0,0,-1.2915850510302438,0.6878999377808374,-5.379000186920166,1.1289997100830078,341.9546666666669,329.0700833333337,354.354659641468,364.9766104624863,341.25631305002895
342.325,1986,5,31,2,151,22,5,0,0,-0.6509403991242345,-0.5624540408199679,1.6089999675750732,-5.432999610900879,343.04533333333353,331.230916666667,353.75317665939457,364.2970621486117,341.34180800602667
342.798,1986,6,30,2,181,27,0,0,0,-0.4453602383783597,1.5804396898657946,0.4729999899864197,5.8520002365112305,341.94633333333354,333.43925000000036,353.2054178264248,363.6520902841533,341.4583033655445
348.55400000000003,1986,7,31,3,212,31,3,1,2,0.6490834400465613,0.35622362336917934,5.75600004196167,4.147000312805176,344.5590000000002,336.051916666667,352.9728469351036,363.1991475756287,342.02595909630094
376.29,1986,8,31,3,243,35,6,1,2,1.0794523750957756,-1.0900513014187672,27.736000061035156,27.26300048828125,355.88066666666685,339.89850000000035,354.1387045883484,363.5918731483598,344.7670823685969
418.152,1986,9,30,3,273,40,1,1,2,1.2850325358416503,1.052842429266995,41.86199951171875,36.10599899291992,380.99866666666685,347.764166666667,357.339369358931,365.228676953909,350.63787577910915
423.86300000000006,1986,10,31,4,304,44,4,1,2,2.3794762142665715,-0.17137363722961993,5.710999965667725,-22.024999618530273,406.10166666666686,355.91166666666703,360.66555089098443,366.9877066452917,356.49588571678044
396.983,1986,11,30,4,334,48,6,1,2,2.58982727172938,-1.3394482733746849,-26.8799991607666,-68.74199676513672,412.9993333333335,361.8645833333337,362.4814233464352,367.887565445933,359.73485485943803
391.595,1986,12,31,4,365,1,2,1,2,1.688182231974846,1.223876296501795,-5.388000011444092,-11.098999977111816,404.14700000000016,367.6654166666671,363.93710217911337,368.59878848255494,362.28366647068304
408.524,1987,1,31,1,31,5,5,0,0,-2.7795951125762994,-0.5049861166363673,16.929000854492188,43.808998107910156,399.03400000000016,372.91233333333383,366.1664470701577,369.79654482807825,365.9828931530284
401.045,1987,2,28,1,59,9,5,0,0,-3.009279810286301,-1.1166601754956698,-7.479000091552734,-2.0910000801086426,400.3880000000002,378.07833333333383,367.9103747166498,370.7339984832359,368.7878617007861
408.848,1987,3,31,1,90,14,1,0,0,-1.952854621383635,1.3357961051086353,7.802999973297119,-9.126001358032227,406.1390000000002,383.30775000000045,369.9572559808173,371.8774185287388,371.99267276472324
439.665,1987,4,30,2,120,18,3,0,0,-1.2887045374019146,0.19385938106775974,30.816999435424805,38.295997619628906,416.51933333333346,391.55350000000044,373.4426431817764,373.91104597287665,377.40645894354543
461.65,1987,5,31,2,151,22,6,0,0,-0.648059885495905,-1.0564945975330449,21.985000610351562,14.182001113891602,436.7210000000002,401.4972500000004,377.85301102268755,376.5432145936903,384.1459422280618
449.282,1987,6,30,2,181,27,1,0,0,-0.4424797247500303,1.0863991331527167,-12.368000030517578,-43.18499755859375,450.1990000000001,410.37091666666714,381.4244604715532,378.7253781558796,389.3568268498169
450.33,1987,7,31,3,212,31,4,1,2,0.6519639536748908,-0.1378169333438982,1.0479999780654907,-20.937000274658203,453.75400000000013,418.8522500000004,384.8697374479755,380.8735168112032,394.2346807018316
460.98800000000006,1987,8,31,3,243,36,0,1,2,1.0775619920071708,1.7268765086989823,10.657999992370605,23.0260009765625,453.5333333333335,425.9104166666671,388.6756505755767,383.2769513068671,399.57494624568506
460.12,1987,9,30,3,273,40,2,1,2,1.28791304946998,0.5588018725539176,-0.8679999709129333,-1.9159998893737793,457.14600000000013,429.4077500000005,392.24786804679786,385.58224276766106,404.41855054603025
465.764,1987,10,31,4,304,44,5,1,2,2.3823567278949,-0.6654141939426973,5.644000053405762,-5.013999938964844,462.29066666666677,432.89950000000044,395.92367464445795,387.9876954846312,409.32618650234787
468.14,1987,11,30,4,334,49,0,1,2,2.587936888640775,1.4774795367430646,2.375999927520752,3.24399995803833,464.6746666666667,438.82925000000046,399.534490912235,390.39226462009225,414.03129158216007
487.079,1987,12,31,4,365,53,3,1,2,3.2285815405467844,0.22712555814225965,18.93899917602539,13.294999122619629,473.66100000000006,446.7862500000004,403.91171636662324,393.29286668148944,419.8751082555873
477.75800000000004,1988,1,31,1,31,4,6,0,0,-2.8062822680815014,-0.9893591698562442,-9.321000099182129,-11.697000503540039,477.6590000000001,452.5557500000004,407.6040305482921,395.82682068104475,424.5057395951403
442.124,1988,2,29,1,60,9,0,0,0,-2.8207199849220315,1.431734849472399,-35.63399887084961,-54.572998046875,468.9870000000001,455.9790000000003,409.3300290208775,397.2157360606134,425.9152004275291
443.491,1988,3,31,1,91,13,3,0,0,-1.969799616159226,0.37730181705873583,1.3669999837875366,10.687999725341797,454.45766666666674,458.86591666666703,411.0380775698336,398.60399397879496,427.3212643933268
451.55800000000005,1988,4,30,2,121,17,5,0,0,-1.305649532177506,-0.7646349069821394,8.067000389099121,43.70100021362305,445.7243333333334,459.85700000000037,413.0640736913419,400.1926141594311,429.2602032418607
451.32,1988,5,31,2,152,22,1,0,0,-0.6697757769884304,1.2959794812478826,-0.23800000548362732,-1.6050000190734863,448.78966666666673,458.996166666667,414.9768700067748,401.7264357346482,431.02498698251185
451.657,1988,6,30,2,182,26,3,0,0,-0.45942471952562186,0.1279048451028176,0.3370000123977661,-7.7300004959106445,451.5116666666667,459.1940833333337,416.81087650643605,403.22435266260874,432.67554802391095
437.452,1988,7,31,3,213,30,6,1,2,0.6350189588992993,-1.0963112213937978,-14.204999923706055,-13.967000007629395,446.8096666666667,458.12091666666703,417.8429326811142,404.25118208273045,433.0576641819981
431.064,1988,8,31,3,244,35,2,1,2,1.0606169972315795,0.7683822206490835,-6.388000011444092,-6.724999904632568,440.05766666666676,455.6272500000004,418.50398604705845,405.0555666202485,432.89817104743827
413.439,1988,9,30,3,274,39,4,1,2,1.2709680546943882,-0.3996924154959816,-17.625,-3.4200000762939453,427.31833333333344,451.73716666666706,418.2507367447055,405.307069621641,431.34143736364325
406.39,1988,10,31,4,305,44,0,1,2,2.3606408364023754,1.6870598848382303,-7.048999786376953,-0.6609997749328613,416.9643333333334,446.7893333333338,417.6576999074702,405.3395575329918,429.34532237455176
419.966,1988,11,30,4,335,48,2,1,2,2.570991893865184,0.5189852486931654,13.576000213623047,31.201000213623047,413.2650000000001,442.7748333333338,417.77311491209673,405.778350807002,428.59497658458764
419.24800000000005,1988,12,31,4,366,52,5,1,2,3.211636545771193,-0.7313687299076398,-0.7179999947547913,6.330999851226807,415.2013333333334,437.1222500000005,417.84685916649187,406.18244028279196,427.8472184578207
404.445,1989,1,31,1,31,5,1,0,0,-2.8032671417628956,1.353192087358073,-14.803000450134277,-28.37900161743164,414.55300000000005,431.01283333333384,417.17676620816724,406.1303170743082,425.97504098119504
387.973,1989,2,28,1,59,9,1,0,0,-3.0329518394728985,0.7415180284987704,-16.472000122070312,-15.753999710083008,403.8886666666667,426.5002500000005,415.71657789775884,405.58559756207893,422.93487770269945
390.274,1989,3,31,1,90,13,4,0,0,-1.971755753853298,-0.11699405772775182,2.3010001182556152,17.104000091552734,394.23066666666665,422.06550000000055,414.4444490028709,405.12624963521654,420.3220074864835
384.72,1989,4,30,2,120,17,6,0,0,-1.3076056698715777,-1.258930781768627,-5.553999900817871,10.918000221252441,387.6556666666667,416.4956666666672,412.9582265527273,404.51406214616003,417.4738468875649
371.35,1989,5,31,2,151,22,2,0,0,-0.6717319146825016,0.8016836064613952,-13.369999885559082,-15.670999526977539,382.11466666666666,409.83150000000063,410.8778152250909,403.5191402817752,413.78393913655975
367.727,1989,6,30,2,181,26,4,0,0,-0.4613808572196931,-0.3663910296836698,-3.622999906539917,1.930999994277954,374.599,402.8373333333339,408.72027446383635,402.44537607332194,410.099384005635
375.21,1989,7,31,3,212,31,0,1,2,0.6282919244882941,1.7203612706505425,7.482999801635742,20.85300064086914,371.42900000000003,397.6505000000006,407.0447607406445,401.6283147911223,407.3082332851842
365.548,1989,8,31,3,243,35,3,1,2,1.0586608595375082,0.2740863458625959,-9.661999702453613,-6.038999557495117,369.49500000000006,392.19083333333384,404.96992270361227,400.5459053473886,403.96741462236946
361.798,1989,9,30,3,273,39,5,1,2,1.2690119170003167,-0.8939882902824692,-3.75,-11.232999801635742,367.51866666666666,387.88741666666715,402.81132656843164,399.383468186967,400.5938614525799
366.8,1989,10,31,4,304,44,1,1,2,2.3586846987083034,1.1927640100517427,5.001999855041504,14.663999557495117,364.7153333333333,384.58825000000047,401.01076024001003,398.40596414135797,397.89035253637354
394.361,1989,11,30,4,334,48,3,1,2,2.5690357561711124,0.02468937390667783,27.56100082397461,31.31100082397461,374.3196666666667,382.45450000000045,400.6782722280095,398.2846152171172,397.60800433346367
409.655,1989,12,31,4,365,52,6,1,2,3.2096804080771215,-1.2256646046941266,15.293999671936035,10.291999816894531,390.272,381.6550833333337,401.127108616609,398.6257267606037,398.5717639867866
410.11800000000005,1990,1,31,1,31,5,2,0,0,-2.8003866281345657,0.859151530644995,0.46299999952316284,-27.09800148010254,404.7113333333334,382.12783333333374,401.5766531857785,398.97049495778555,399.4954628678437
416.543,1990,2,28,1,59,9,2,0,0,-3.0300713258445686,0.24747747178569257,6.425000190734863,-8.868999481201172,412.1053333333334,384.50866666666707,402.3249705264896,399.49767010905197,400.8592658384162
393.661,1990,3,31,1,90,13,5,0,0,-1.9688752402249676,-0.6110346144408296,-22.881999969482422,-23.344999313354492,406.7740000000001,384.79091666666704,401.8917720001651,399.3225700057804,400.28340457134294
374.92900000000003,1990,4,30,2,120,18,0,0,0,-1.3094960529601813,1.557997028349123,-18.73200035095215,-25.157001495361328,395.04433333333344,383.97500000000036,400.5436334001568,398.59076290560694,398.25505220563554
368.855,1990,5,31,2,151,22,3,0,0,-0.6688514010541724,0.3076430497483176,-6.073999881744385,16.808000564575195,379.14833333333337,383.76708333333363,398.95920173014895,397.6986900184387,395.90304802918473
352.657,1990,6,30,2,181,26,5,0,0,-0.4585003435913635,-0.8604315863967474,-16.197999954223633,2.5340003967285156,365.48033333333336,382.5112500000003,396.6440916436415,396.3474393178855,392.44336418685
361.82,1990,7,31,3,212,31,1,1,2,0.6311724381166236,1.2263207139374646,9.163000106811523,15.23699951171875,361.11066666666665,381.39541666666696,394.9028870614594,395.31161613834894,389.993495051902
394.861,1990,8,31,3,243,35,4,1,2,1.0615413731658376,-0.21995421085048156,33.04100036621094,49.23899841308594,369.7793333333332,383.83816666666695,394.9007927083864,395.29809765419844,390.3828954477499
389.56,1990,9,30,3,273,39,6,1,2,1.2718924306286465,-1.3880288469955464,-5.301000118255615,-14.464000701904297,382.0803333333333,386.15166666666704,394.63375307296707,395.12595472457247,390.3170638119299
381.333,1990,10,31,4,304,44,2,1,2,2.3615652123366337,0.6987234533386654,-8.22700023651123,-41.268001556396484,388.58466666666664,387.3627500000003,393.9687154193187,394.7121660828353,389.59833870697554
381.866,1990,11,30,4,334,48,4,1,2,2.571916269799442,-0.4693511828063998,0.5329999923706055,5.834000110626221,384.253,386.3215000000003,393.36357964835275,394.3267811003503,388.9797516104175
378.161,1990,12,31,4,365,1,0,1,2,1.670271230044907,2.0939733870700805,-3.7049999237060547,4.522000312805176,380.4533333333334,383.69700000000034,392.6034506659351,393.84180766733976,388.1142514815841
384.591,1991,1,31,1,31,5,3,0,0,-2.797506114506237,0.3651109739319177,6.429999828338623,5.896999835968018,381.53933333333333,381.56975000000034,392.20282813263833,393.56428343731955,387.8323913630574
363.74800000000005,1991,2,28,1,59,9,3,0,0,-3.0271908122162383,-0.24656308492738493,-20.843000411987305,-17.13800048828125,375.5,377.17016666666706,390.7800867260064,392.66979493419996,385.90564005401285
363.39,1991,3,31,1,90,13,6,0,0,-1.9659947265966384,-1.1050751711539073,-0.3580000102519989,-6.787999629974365,370.57633333333325,374.6475833333338,389.41058238970606,391.79140108617395,384.1043888496918
358.055,1991,4,30,2,120,18,1,0,0,-1.3066155393318521,1.063956471636045,-5.335000038146973,15.508000373840332,361.73099999999994,373.24141666666713,387.84280327022077,390.7793090535887,382.0204377417165
357.11699999999996,1991,5,31,2,151,22,4,0,0,-0.6659708874258427,-0.1863975069647601,-0.9380000233650208,-0.5800000429153442,359.52066666666656,372.2632500000004,386.3065131067097,389.769439781981,380.0281627223792
366.36,1991,6,30,2,181,26,6,0,0,-0.4556198299630341,-1.3544721431098254,9.243000030517578,14.57800006866455,360.51066666666657,373.40516666666707,385.30918745137416,389.0671565885216,378.9347097045889
368.01300000000003,1991,7,31,3,212,31,2,1,2,0.634052951744953,0.7322801572243873,1.652999997138977,2.5910000801086426,363.82999999999987,373.9212500000004,384.4443780788054,388.43553189086595,378.0609729282218
356.721,1991,8,31,3,243,35,5,1,2,1.064421886794167,-0.7139947675635592,-11.291999816894531,-20.53499984741211,363.69799999999987,370.7429166666671,383.0582091748651,387.48409593414,376.3537750939641
348.46,1991,9,30,3,273,40,0,1,2,1.2700020475400422,1.428898963122202,-8.26099967956543,-9.913999557495117,357.73133333333317,367.3179166666671,381.3282987161218,386.3133730561158,374.12227308644697
358.82599999999996,1991,10,31,4,304,44,3,1,2,2.3644457259649627,0.20468289662558778,10.366000175476074,21.658000946044922,354.66899999999987,365.4423333333338,380.2031837803157,385.4887518644323,372.89857123953124
359.96,1991,11,30,4,334,48,5,1,2,2.5747967834277716,-0.9633917395194774,1.1339999437332153,9.394999504089355,355.74866666666657,363.6168333333338,379.19102459129994,384.7228893084993,371.8634855403688
361.875,1991,12,31,4,365,1,1,1,2,1.6731517436732382,1.5999328303570022,1.9149999618530273,-8.451000213623047,360.2203333333332,362.2596666666671,378.3252233617349,384.0374526292443,371.0644066971393
354.436,1992,1,31,1,31,5,4,0,0,-2.794625600877908,-0.12892958278115985,-7.439000129699707,-8.572999954223633,358.75699999999983,359.7467500000004,377.13076219364814,383.14940905036696,369.73413416136816
353.853,1992,2,29,1,60,9,5,0,0,-2.8042924210015046,-1.0188039302833436,-0.5830000042915344,-2.497999906539917,356.7213333333332,358.922166666667,375.9668740839657,382.27051677885595,368.46364342845874
344.64099999999996,1992,3,31,1,91,14,1,0,0,-1.9581429489556328,1.2377314041338199,-9.211999893188477,-1.7729997634887695,350.97666666666646,357.3597500000003,374.4005803797674,381.1416312754902,366.55783195418206
338.728,1992,4,30,2,121,18,3,0,0,-1.293992864973913,0.09579468009294473,-5.913000106811523,-5.329999923706055,345.7406666666665,355.74916666666695,372.616951360779,379.8692223372255,364.33144539784746
337.039,1992,5,31,2,152,22,6,0,0,-0.653348213067903,-1.1545592985078603,-1.6890000104904175,7.5229997634887695,340.1359999999998,354.07600000000025,370.83805379274,378.58431566710874,362.14804976601965
340.784,1992,6,30,2,182,27,1,0,0,-0.44776805232202843,0.9883344321779016,3.744999885559082,9.657999992370605,338.8503333333332,351.94466666666693,369.335351103103,377.4503061970955,360.4389257847381
352.452,1992,7,31,3,213,31,4,1,2,0.6466756261028925,-0.2358816343187133,11.668000221252441,13.357000350952148,343.4249999999999,350.64791666666696,368.4911835479478,376.7003570111826,359.7999717219591
343.603,1992,8,31,3,244,36,0,1,2,1.072273664435173,1.6288118077241671,-8.848999977111816,-12.593999862670898,345.6129999999999,349.55475000000024,367.24677437055044,375.70743630084706,358.5042139842024
345.3,1992,9,30,3,274,40,2,1,2,1.2826247218979816,0.46073717157910227,1.6970000267028809,-9.971000671386719,347.11833333333317,349.2914166666669,366.1494356520229,374.79521321182165,357.44787686546624
344.277,1992,10,31,4,305,44,5,1,2,2.3770684003229023,-0.7634788949175123,-1.0230000019073486,7.826000213623047,344.3933333333332,348.07900000000024,365.0558138694217,373.879666815467,356.394206716229
334.92400000000004,1992,11,30,4,335,49,0,1,2,2.582648561068777,1.3794148357682494,-9.352999687194824,-11.049999237060547,341.5003333333332,345.99266666666693,363.54922317595054,372.710996811003,354.6765901789307
334.657,1992,12,31,4,366,53,3,1,2,3.223293212974787,0.12906085716744461,-0.2669999897480011,0.7560000419616699,337.9526666666665,343.72450000000026,362.104612017153,371.5693769066729,353.07502296461627
328.99300000000005,1993,1,31,1,31,4,6,0,0,-2.8164072469758996,-1.0876791889044692,-5.664000034332275,3.688999652862549,332.8579999999999,341.6042500000003,360.4490314162953,370.2920855994727,351.148461127447
329.31,1993,2,28,1,59,8,6,0,0,-3.046091944685902,-1.6993532477637716,0.31700000166893005,0.5839999914169312,330.9866666666665,339.55900000000037,358.89207984548057,369.06262303148856,349.40138423725125
329.974,1993,3,31,1,90,13,2,0,0,-1.989666755783235,0.7531030328405337,0.6639999747276306,6.328000068664551,329.42566666666653,338.33675000000034,357.4461758532065,367.8899643405439,347.84719349827117
341.94800000000004,1993,4,30,2,120,17,4,0,0,-1.325516671801515,-0.3888336912003418,11.973999977111816,11.656999588012695,333.74399999999986,338.60508333333365,356.67126706054614,367.11170541032754,347.3752580184095
367.045,1993,5,31,2,151,22,0,0,0,-0.6896429166124395,1.6717806970296802,25.097000122070312,24.433000564575195,346.32233333333323,341.1055833333337,357.18995370751884,367.1097042480177,348.9488373769368
371.914,1993,6,30,2,181,26,2,0,0,-0.47929185914963074,0.5037060608846152,4.86899995803833,-7.105000019073486,360.30233333333325,343.6997500000004,357.9261560221429,367.25383312057716,350.7860503867819
392.034,1993,7,31,3,212,30,5,1,2,0.6151518192752903,-0.7205100056119997,20.1200008392334,-4.976999282836914,376.9976666666666,346.9982500000003,359.6315482210357,367.9972381269598,354.08588635583936
379.795,1993,8,31,3,243,35,1,1,2,1.0407498576075704,1.144183436430881,-12.23900032043457,-17.107999801635742,381.2476666666666,350.01425000000035,360.63972080998394,368.351170983151,356.14261544737224
355.561,1993,9,30,3,273,39,3,1,2,1.2511009150703796,-0.023891199714184044,-24.233999252319336,-44.354000091552734,375.79666666666657,350.8693333333336,360.38578476948476,367.96746585365645,356.0960862115825
364.005,1993,10,31,4,304,43,6,1,2,2.3455445934953003,-1.2481072662107995,8.444000244140625,20.683000564575195,366.4536666666665,352.5133333333336,360.5667455310105,367.8485918780467,356.72879931465593
373.939,1993,11,30,4,334,48,1,1,2,2.551124754241175,0.8947864644749629,9.934000015258789,34.167999267578125,364.5016666666665,355.76458333333363,361.23535825446,368.03130412170526,358.1056153694835
383.24300000000005,1993,12,31,4,365,52,4,1,2,3.1917694061471855,-0.355567514125842,9.303999900817871,0.8599996566772461,373.72899999999987,359.813416666667,362.33574034173694,368.4876549980541,360.11660613992484
387.11,1994,1,31,1,31,5,0,0,0,-2.818297630064504,1.72924862121328,3.867000102996826,-6.066999912261963,381.43066666666647,364.6565000000003,363.5744533246501,369.0463253481124,362.27607764873085
381.658,1994,2,28,1,59,9,0,0,0,-3.0479823277745064,1.117574562353978,-5.452000141143799,-14.756000518798828,384.00366666666645,369.0188333333336,364.47863065841756,369.42467558766907,363.82663143683243
384.0,1994,3,31,1,90,13,3,0,0,-1.9867862421549058,0.2590624761274557,2.3420000076293945,-1.5250000953674316,384.2559999999997,373.52100000000024,365.45469912549663,369.861935320039,365.4405009218858
377.908,1994,4,30,2,120,17,5,0,0,-1.3226361581731856,-0.8828742479134196,-6.0920000076293945,-0.6399998664855957,381.1886666666663,376.5176666666669,366.07736416922177,370.1033172604378,366.437900848135
381.343,1994,5,31,2,151,22,1,0,0,-0.6867624029841098,1.177740140316603,3.434999942779541,1.0929999351501465,381.08366666666626,377.70916666666693,366.8406459607607,370.4405077426247,367.63030878028417
385.714,1994,6,30,2,181,26,3,0,0,-0.47641134552130115,0.009665504171537661,4.370999813079834,10.46299934387207,381.6549999999996,378.8591666666669,367.78431366272264,370.8987125103459,369.07700407786143
385.45,1994,7,31,3,212,30,6,1,2,0.6180323329036199,-1.214550562325077,-0.2639999985694885,-3.6989998817443848,384.1689999999996,378.3105000000003,368.66759797958645,371.3352511350355,370.38684375163257
380.207,1994,8,31,3,243,35,2,1,2,1.0436303712359003,0.6501428797178036,-5.243000030517578,-9.61400032043457,383.79033333333285,378.3448333333336,369.2445680806071,371.6014036009844,371.17245625150196
391.348,1994,9,30,3,273,39,4,1,2,1.2539814286987085,-0.5179317564272616,11.140999794006348,11.404999732971191,385.66833333333284,381.32708333333363,370.34973967657675,372.19380149295483,372.7864997513818
390.164,1994,10,31,4,304,44,0,1,2,2.343654210406696,1.5688205439069505,-1.184000015258789,4.059000015258789,387.23966666666615,383.5070000000003,371.3404526927479,372.7329074481662,374.1766997712713
384.37699999999995,1994,11,30,4,334,48,2,1,2,2.5540052678695044,0.40074590776188557,-5.7870001792907715,-16.92799949645996,388.6296666666661,384.37683333333354,371.99228005811045,373.08223022472123,374.9927237895696
379.48,1994,12,31,4,365,52,5,1,2,3.1946499197755145,-0.849608070838919,-4.896999835968018,-3.7129998207092285,384.6736666666661,384.06325000000015,372.3666660552049,373.2741633179796,375.35170588640403
378.73800000000006,1995,1,31,1,31,5,1,0,0,-2.815417116436174,1.2352080645002026,-0.7419999837875366,5.045000076293945,380.8649999999995,383.3655833333335,372.6852327524446,373.4380784184402,375.6226094154917
376.745,1995,2,28,1,59,9,1,0,0,-3.0451018141461756,0.6235340056409003,-1.9930000305175781,2.9039998054504395,378.32099999999946,382.95616666666683,372.88822111482233,373.537286065887,375.7124006622523
381.82,1995,3,31,1,90,13,4,0,0,-1.9839057285265764,-0.23497808058562186,5.074999809265137,5.816999912261963,379.10099999999943,382.77450000000016,373.3348100590812,373.7857674839104,376.20100860927215
391.339,1995,4,30,2,120,17,6,0,0,-1.3197556445448555,-1.376914804626497,9.519000053405762,11.51200008392334,383.3013333333327,383.8937500000001,374.2350195561271,374.31236445939305,377.41204792053037
385.231,1995,5,31,2,151,22,2,0,0,-0.6838818893557804,0.6836995836035251,-6.107999801635742,-11.182999610900879,386.12999999999937,384.2177500000001,374.7848185783207,374.63992352561127,378.037564086888
387.61800000000005,1995,6,30,2,181,26,4,0,0,-0.4735308318929716,-0.4843750525415399,2.38700008392334,-7.131999969482422,388.062666666666,384.3764166666668,375.42647764940466,375.0292658198429,378.80399895993696
386.13800000000003,1995,7,31,3,212,31,0,1,2,0.6161419498150155,1.6023772477926719,-1.4800000190734863,4.627999782562256,386.32899999999944,384.43375000000015,375.9620537669344,375.3625278452476,379.390719043142
383.50199999999995,1995,8,31,3,243,35,3,1,2,1.0465108848642295,0.15610232300472587,-2.635999917984009,-5.0229997634887695,385.7526666666661,384.7083333333335,376.33905107858766,375.6067120098902,379.71962151969063
382.931,1995,9,30,3,273,39,5,1,2,1.2568619423270386,-1.011972313140339,-0.5709999799728394,0.909000039100647,384.1903333333327,384.00691666666677,376.66864852465824,375.8264406495935,379.9765317981154
383.202,1995,10,31,4,304,44,1,1,2,2.3465347240350254,1.0747799871938724,0.2709999978542328,2.9069998264312744,383.21166666666596,383.42675000000014,376.9953160984253,376.0477074301057,380.23456925426615
385.209,1995,11,30,4,334,48,3,1,2,2.5568857814978343,-0.09329464895119223,2.006999969482422,2.578000068664551,383.78066666666604,383.49608333333344,377.406000293504,376.3225462072025,380.63252371392485
387.445,1995,12,31,4,365,52,6,1,2,3.1975304334038444,-1.343648627551997,2.2360000610351562,1.965000033378601,385.28533333333263,384.15983333333344,377.9079502788288,376.65621982098645,381.1775218168109
398.695,1996,1,31,1,31,5,2,0,0,-2.8125366028078456,0.7411675077871255,11.25,9.243000030517578,390.44966666666596,385.82291666666674,378.94730276488735,377.31738322635687,382.57892007146603
404.91900000000004,1996,2,29,1,60,9,3,0,0,-2.8222034229314414,-0.14870683971505855,6.223999977111816,3.98799991607666,397.01966666666596,388.17075000000006,380.24588762664297,378.1454317295661,384.3661264657488
396.51199999999994,1996,3,31,1,91,13,6,0,0,-1.9712830541686366,-1.2031398721287219,-8.406999588012695,-19.656999588012695,400.0419999999993,389.3950833333334,381.05919324531084,378.6964287776791,385.3377963484889
392.87,1996,4,30,2,121,18,1,0,0,-1.31190386690385,0.9658917706612301,-3.6419999599456787,-9.866000175476074,398.1003333333326,389.52266666666674,381.6497335830453,379.1216359143487,385.9403726406098
391.99,1996,5,31,2,152,22,4,0,0,-0.6712592149978407,-0.2844622079395751,-0.8799999952316284,7.526999473571777,393.7906666666659,390.0859166666667,382.166746903893,379.50768683691825,386.424342829361
385.245,1996,6,30,2,182,26,6,0,0,-0.4609081575350322,-1.4525368440846396,-6.744999885559082,-3.1029999256134033,390.03499999999934,389.8881666666667,382.3206595586983,379.6798062318107,386.32999540301216
383.457,1996,7,31,3,213,31,2,1,2,0.628764624172955,0.6342154562495722,-1.7879999876022339,-0.9079999923706055,386.8973333333327,389.6647500000001,382.37747658076336,379.7931220448564,386.1001557707712
387.51,1996,8,31,3,244,35,5,1,2,1.0591335592221693,-0.8120594685383737,4.052999973297119,10.79800033569336,385.40399999999937,389.99875000000003,382.63410275172515,380.0246283835107,386.21294330910956
383.29,1996,9,30,3,274,40,0,1,2,1.2647137199680443,1.3308342621473879,-4.21999979019165,-2.431999683380127,384.75233333333273,390.02866666666677,382.66689761413886,380.12258953200535,385.97910784438085
380.909,1996,10,31,4,305,44,3,1,2,2.3591573983929646,0.10661819565077268,-2.38100004196167,-6.434000015258789,383.9029999999995,389.8375833333334,382.57900273343193,380.1461818460452,385.5734992168304
377.869,1996,11,30,4,335,48,5,1,2,2.5695084558557735,-1.0614564404942923,-3.0399999618530273,1.179999828338623,380.68933333333285,389.2259166666667,382.34350259676035,380.0778663906638,384.95713927948395
369.338,1996,12,31,4,366,1,1,1,2,1.6678634161012407,1.5018681293821876,-8.531000137329102,-6.150000095367432,376.0386666666662,387.71700000000004,381.69322746692234,379.75567039894383,383.70760813712525
355.025,1997,1,31,1,31,5,4,0,0,-2.804750579772307,-0.2272496018293848,-14.312999725341797,-11.27299976348877,367.4106666666662,384.07783333333333,380.3598160935762,379.01375028697555,381.41299948615523
346.4,1997,2,28,1,59,9,4,0,0,-3.034435277482309,-0.8389236606886875,-8.625,-0.09399986267089844,356.92099999999954,379.20125,378.6618252888974,378.0353377783663,378.6119595272628
352.311,1997,3,31,1,90,14,0,0,0,-1.9780100885796421,1.6135326199156175,5.910999774932861,20.2239990234375,351.24533333333284,375.51783333333333,377.34428402445246,377.26360764501527,376.50788276508183
344.707,1997,4,30,2,120,18,2,0,0,-1.313860004597922,0.47159589587474243,-7.604000091552734,1.0209999084472656,347.8059999999994,371.50425,375.7124198232298,376.2869094156648,373.9638121438753
344.1,1997,5,31,2,151,22,5,0,0,-0.6732153526919119,-0.7787580827260628,-0.6069999933242798,-6.517999649047852,347.0393333333327,367.5134166666667,374.1317988320683,375.3213021331948,371.5747071723653
340.805,1997,6,30,2,181,27,0,0,0,-0.4676351919460373,1.3641356479596995,-3.2950000762939453,4.309000015258789,343.20399999999944,363.81008333333347,372.46545889046484,374.285813069199,369.11313059857616
323.78,1997,7,31,3,212,31,3,1,2,0.6268084864788838,0.1399195814630844,-17.024999618530273,-16.417999267578125,336.2283333333327,358.83700000000005,370.0311859459416,372.770638677123,365.48648015069006
323.998,1997,8,31,3,243,35,6,1,2,1.0571774215280978,-1.3063553433248623,0.21799999475479126,3.513000011444092,329.52766666666605,353.5443333333333,367.72952664864454,371.3074595168093,362.1674017386349
322.616,1997,9,30,3,273,40,1,1,2,1.2627575822739723,0.8365383873608994,-1.3819999694824219,15.642999649047852,323.46466666666606,348.4881666666667,365.4738503162123,369.846715731305,359.00328959954413
324.863,1997,10,31,4,304,44,4,1,2,2.3572012606988935,-0.38767767913571494,2.246999979019165,2.0290000438690186,323.8256666666661,343.81766666666675,363.44330780040167,368.4972042593658,356.2720664315806
306.345,1997,11,30,4,334,48,6,1,2,2.567552318161702,-1.5557523152807802,-18.51799964904785,-17.13599967956543,317.94133333333275,337.85733333333343,360.5883924103816,366.6326381315848,352.27790111705417
288.776,1997,12,31,4,365,1,2,1,2,1.665907278407168,1.0075722545956998,-17.569000244140625,-19.81599998474121,306.6613333333328,331.1438333333334,356.9977727898625,364.29693898763725,347.19774902768984
289.264,1998,1,31,1,31,5,5,0,0,-2.801870066143977,-0.7212901585424627,0.4880000054836273,19.006000518798828,294.7949999999994,325.66375000000005,353.6110841503694,362.0459508180081,342.56304910547465
297.743,1998,2,28,1,59,9,5,0,0,-3.0315547638539786,-1.3329642174017653,8.479000091552734,26.04800033569336,291.927666666666,321.60900000000004,350.81767994285093,360.1168622934679,338.97744517703666
295.87,1998,3,31,1,90,14,1,0,0,-1.975129574951312,1.1194920632025398,-1.8730000257492065,-2.3610000610351562,294.29233333333264,316.90558333333337,348.0702959457084,358.18945642466383,335.52884956287375
308.558,1998,4,30,2,120,18,3,0,0,-1.3109794909695922,-0.02244466083833529,12.687999725341797,4.2089996337890625,300.72366666666596,313.8931666666668,346.094681148423,356.7005127319239,333.3711815978439
298.971,1998,5,31,2,151,22,6,0,0,-0.6703348390635828,-1.2727986394391406,-9.586999893188477,-7.7139997482299805,301.13299999999936,310.13241666666676,343.7384970910018,354.96862734996614,330.6191670700164
292.223,1998,6,30,2,181,27,1,0,0,-0.4647546783177079,0.8700950912466218,-6.748000144958496,-19.43600082397461,299.9173333333327,306.08391666666677,341.1627222364517,353.0862585294671,327.5474737044151
292.874,1998,7,31,3,212,31,4,1,2,0.6296890001072132,-0.3541209752499933,0.6510000228881836,10.23799991607666,294.6893333333326,303.5084166666668,338.74828612462915,351.2798907735831,324.7735958080619
284.228,1998,8,31,3,243,36,0,1,2,1.0552870384394937,1.5105724667928875,-8.645999908447266,-1.8979997634887695,289.77499999999935,300.1942500000001,336.0222718183977,349.2683340503756,321.52994814341696
288.661,1998,9,30,3,273,40,2,1,2,1.2656380959023021,0.3424978306478224,4.433000087738037,3.7820000648498535,288.58766666666605,297.3646666666668,333.6542082274778,347.45011402886433,318.9004322919436
296.595,1998,10,31,4,304,44,5,1,2,2.360081774327223,-0.8817182358487926,7.934000015258789,16.579999923706055,289.82799999999935,295.0090000000001,331.80124781610385,345.9244606079984,317.1159977085881
294.243,1998,11,30,4,334,49,0,1,2,2.5656619350730976,1.2611754948369696,-2.3519999980926514,-6.784999847412109,293.16633333333266,294.0005000000001,329.92333542529866,344.37401678975846,315.2861578919011
291.357,1998,12,31,4,365,53,3,1,2,3.2063065869791068,0.010821516236164591,-2.885999917984009,-10.819999694824219,294.0649999999993,294.2155833333334,327.99501865403374,342.7835062860657,313.37182526054903
287.33299999999997,1999,1,31,1,31,4,6,0,0,-2.828557221649178,-1.2056632117623396,-4.02400016784668,-1.6720001697540283,290.977666666666,294.0546666666668,325.96191772133204,341.1199910974837,311.28871923970513
287.495,1999,2,28,1,59,8,6,0,0,-3.0582419193591797,-1.8173372706216422,0.16200000047683716,3.047999858856201,288.7283333333327,293.2006666666668,324.03857183526543,339.51124136455917,309.38522170052875
286.243,1999,3,31,1,90,13,2,0,0,-2.0018167304565138,0.6351190099826635,-1.2519999742507935,2.772000312805176,287.02366666666603,292.3984166666668,322.1487932435021,337.91319412362236,307.53384396448644
282.62,1999,4,30,2,120,17,4,0,0,-1.3376666464747937,-0.5068177140582117,-3.622999906539917,-3.7849998474121094,285.452666666666,290.2369166666668,320.172353581327,336.25439829991365,305.54073644732756
276.932,1999,5,31,2,151,22,0,0,0,-0.7017928912857176,1.5537966741718097,-5.688000202178955,-4.436000347137451,281.93166666666605,288.40033333333344,318.01033590226064,334.4747263509162,303.25203753154136
261.402,1999,6,30,2,181,26,2,0,0,-0.49144183382290935,0.38572203802674526,-15.529999732971191,-11.906999588012695,273.65133333333273,285.8319166666668,315.1799191071476,332.2825445603887,299.9040345290181
256.198,1999,7,31,3,212,30,5,1,2,0.6030018446020117,-0.8384940284698698,-5.203999996185303,0.48400020599365234,264.8439999999994,282.7755833333335,312.2308231517902,330.0000082235771,296.40755176669666
256.936,1999,8,31,3,243,35,1,1,2,1.028599882934292,1.0261994135730108,0.7379999756813049,16.26799964904785,258.17866666666606,280.50125000000014,309.4660819942007,327.8080879768698,293.2498276253609
264.47,1999,9,30,3,273,39,3,1,2,1.2389509403971006,-0.14187522257205404,7.533999919891357,12.73799991607666,259.20133333333274,278.4853333333335,307.21627789449064,325.90794533756366,290.94744141533204
311.562,1999,10,31,4,304,43,6,1,2,2.333394618822022,-1.3660912890686698,47.09199905395508,46.354000091552734,277.65599999999944,279.7325833333334,307.4335639997661,325.4775669774367,292.5966061021055
293.65,1999,11,30,4,334,48,1,1,2,2.538974779567896,0.776802441617093,-17.91200065612793,-25.446001052856445,289.8939999999995,279.68316666666675,306.7443857997778,324.5227399681136,292.6808776139371
283.743,1999,12,31,4,365,52,4,1,2,3.179619431473906,-0.4735515369837119,-9.906999588012695,-56.999000549316406,296.31833333333276,279.04866666666675,305.5943165097888,323.2993477690702,291.96584740482217
284.59,2000,1,31,1,31,5,0,0,0,-2.8304476047377825,1.6112645983554106,0.847000002861023,18.759000778198242,287.32766666666606,278.82008333333346,304.54410068429934,322.1380673359981,291.3757796124364
300.855,2000,2,29,1,60,9,1,0,0,-2.8401144248613797,0.7213902508532265,16.264999389648438,26.171998977661133,289.7293333333328,279.9334166666668,304.35964565008436,321.4995753159181,292.1341172434415
286.704,2000,3,31,1,91,13,4,0,0,-1.9891940560985744,-0.33304278156043704,-14.151000022888184,-14.998000144958496,290.71633333333284,279.97183333333345,303.4768633675801,320.4557080564405,291.6997078639662
279.961,2000,4,30,2,121,17,6,0,0,-1.3250439721168539,-1.474979505601312,-6.743000030517578,-23.007999420166016,289.1733333333329,279.7502500000001,302.3010701992011,319.2408668147473,290.7606112348489
275.293,2000,5,31,2,152,22,2,0,0,-0.6891702169277785,0.5856348826287101,-4.668000221252441,9.482999801635742,280.6526666666662,279.6136666666668,300.950666689241,317.92243081030483,289.523202336061
285.368,2000,6,30,2,182,26,4,0,0,-0.4788191594649699,-0.582439753516355,10.074999809265137,16.81800079345703,280.2073333333329,281.61083333333346,300.17153335477894,316.94579788599566,289.1907861491761
282.152,2000,7,31,3,213,31,0,1,2,0.6108536222430173,1.5043125468178566,-3.2160000801086426,1.4520001411437988,280.93766666666625,283.77366666666677,299.27055668703997,315.9019839494158,288.62768325724204
274.52299999999997,2000,8,31,3,244,35,3,1,2,1.0412225572922311,0.05803762202991088,-7.629000186920166,-17.70400047302246,280.68099999999953,285.23925000000014,298.03317885268797,314.6606144309333,287.4993085966627
273.676,2000,9,30,3,274,39,5,1,2,1.2515736147550403,-1.1100370141151543,-0.847000002861023,2.36899995803833,276.78366666666625,286.0064166666668,296.8153199100536,313.4310759980053,286.39344390892967
270.405,2000,10,31,4,305,44,1,1,2,2.341246396463027,0.9767152862190578,-3.2709999084472656,4.3580002784729,272.86799999999954,282.57666666666677,295.49480391455086,312.14029371806515,285.1143683962153
265.98900000000003,2000,11,30,4,335,48,3,1,2,2.551597453925836,-0.1913593499260073,-4.415999889373779,-3.568999767303467,270.0233333333329,280.2715833333334,294.0195137188233,310.7557549065232,283.5843389245181
271.892,2000,12,31,4,366,52,6,1,2,3.192242105831845,-1.441713328526812,5.9029998779296875,9.173999786376953,269.4286666666663,279.28400000000005,292.91313803288216,309.5898422593275,282.64895181055664
265.934,2001,1,31,1,31,5,2,0,0,-2.822661581702244,0.6428474887389003,-5.958000183105469,-1.5420002937316895,267.938333333333,277.7293333333334,291.564181131238,308.2801669915477,281.3117556657121
262.018,2001,2,28,1,59,9,2,0,0,-3.0523462794122453,0.03117342987959757,-3.9159998893737793,-9.819000244140625,266.6146666666663,274.49291666666676,290.08687207467614,306.89230198180127,279.76825521245513
263.27299999999997,2001,3,31,1,90,13,5,0,0,-1.9911501937926457,-0.8273386563469246,1.2549999952316284,7.213000297546387,263.7416666666663,272.5403333333334,288.7461784709423,305.58372292234725,278.44863479545876
260.75,2001,4,30,2,120,18,0,0,0,-1.3317710065278592,1.3416929864430271,-2.5230000019073486,1.3929998874664307,262.01366666666627,270.9394166666668,287.3463695473952,304.2387112346768,277.0327440118221
272.057,2001,5,31,2,151,22,3,0,0,-0.6911263546218499,0.09133900784222254,11.307000160217285,10.052000045776367,265.3599999999996,270.6697500000001,286.5819010700254,303.27325989763654,276.63468449087634
270.738,2001,6,30,2,181,26,5,0,0,-0.4807752971590411,-1.0767356283028424,-1.319000005722046,1.2039999961853027,267.84833333333296,269.4505833333334,285.7897060165241,302.2972021007074,276.16294973160626
267.707,2001,7,31,3,212,31,1,1,2,0.6088974845489461,1.0100166720313695,-3.0309998989105225,-14.338000297546387,270.16733333333303,268.24683333333337,284.8855707156979,301.2594960376862,275.48647375307775
272.657,2001,8,31,3,243,35,4,1,2,1.0392664195981605,-0.4362582527565767,4.949999809265137,6.269000053405762,270.36733333333297,268.09133333333335,284.274142179913,300.40142115655556,275.2601158528315
282.478,2001,9,30,3,273,39,6,1,2,1.2496174770609692,-1.604332888901642,9.821000099182129,12.85200023651123,274.2806666666663,268.8248333333334,284.1843350709173,299.86371852185886,275.837546584605
283.322,2001,10,31,4,304,44,2,1,2,2.339290258768956,0.48241941143257033,0.843999981880188,-4.105999946594238,279.4856666666663,269.90125000000006,284.14121831737145,299.3674669662031,276.4363028578366
276.248,2001,11,30,4,334,48,4,1,2,2.5496413162317646,-0.685655224712495,-7.073999881744385,-16.895000457763672,280.6826666666663,270.75616666666673,283.7465574015029,298.673882957217,276.4212386292097
275.992,2001,12,31,4,365,1,0,1,2,1.6479962764772305,1.877669345163985,-0.25600001215934753,-1.100000023841858,278.5206666666663,271.0978333333334,283.3588295314278,297.9934264685005,276.38689953887297
281.764,2002,1,31,1,31,5,3,0,0,-2.8197810680739153,0.14880693202582268,5.771999835968018,12.845999717712402,278.00133333333287,272.4170000000001,283.2790880548564,297.5065436744455,276.81706757576313
295.683,2002,2,28,1,59,9,3,0,0,-3.0494657657839173,-0.4628671268334799,13.918999671936035,14.174999237060547,284.47966666666616,275.22241666666673,283.8992836521136,297.4518373642121,278.3263421697021
294.353,2002,3,31,1,90,13,6,0,0,-1.9882696801643158,-1.3213792130600026,-1.3300000429153442,-7.101999759674072,290.5999999999995,277.8124166666667,284.42196946950787,297.3588722432857,279.60847479612596
302.862,2002,4,30,2,120,18,1,0,0,-1.3288904928995298,0.8476524297299498,8.508999824523926,-5.409999847412109,297.63266666666624,281.32175000000007,285.34397099603245,297.5239660759872,281.4687568124359
314.48,2002,5,31,2,151,22,4,0,0,-0.6882458409935204,-0.4027015488708549,11.618000030517578,12.947999954223633,303.8983333333329,284.857,286.8007724462308,298.0326470937075,284.1096562674411
321.536,2002,6,30,2,181,26,6,0,0,-0.4778947835307115,-1.5707761850159199,7.056000232696533,-1.4529995918273926,312.95933333333295,289.09016666666673,288.5375338239192,298.73774768089623,287.1037637660458
313.567,2002,7,31,3,212,31,2,1,2,0.6117779981772756,0.5159761153182919,-7.968999862670898,-19.586999893188477,316.5276666666662,292.9118333333334,289.78900713272327,299.18262525046936,289.2208226647621
310.045,2002,8,31,3,243,35,5,1,2,1.0421469332264897,-0.9302988094696543,-3.5220000743865967,-10.57800006866455,315.0493333333329,296.0275000000001,290.8018067760871,299.50849649295526,290.8867568515812
318.8,2002,9,30,3,273,40,0,1,2,1.2477270939723646,1.2125949212161078,8.755000114440918,16.7239990234375,314.1373333333329,299.05433333333343,292.20171643728276,300.0872415981666,293.11981630345474
316.748,2002,10,31,4,304,44,3,1,2,2.3421707723972855,-0.011621145280507316,-2.052000045776367,1.4700000286102295,315.19766666666624,301.8398333333334,293.4290306154186,300.58706435022157,295.01007099917837
319.255,2002,11,30,4,334,48,5,1,2,2.5525218298600936,-1.1796957814255724,2.506999969482422,-6.248000144958496,318.2676666666662,305.4237500000001,294.7203290846477,301.14710241971494,296.9496653192441
333.3,2002,12,31,4,365,1,1,1,2,1.6508767901055608,1.3836287884509073,14.045000076293945,16.097000122070312,323.1009999999995,310.19941666666676,296.6493126304153,302.1116893471235,299.8576920937046
356.86400000000003,2003,1,31,1,31,5,4,0,0,-2.8169005544455854,-0.3452336246872549,23.56399917602539,21.05699920654297,336.4729999999995,316.4577500000001,299.66004699889453,303.7542586667098,304.41819672620824
359.575,2003,2,28,1,59,9,4,0,0,-3.0465852521555874,-0.9569076835465575,2.7109999656677246,-11.333999633789062,349.91299999999956,321.78208333333345,302.6557946489498,305.42888090670846,308.8307409881116
341.564,2003,3,31,1,90,14,0,0,0,-1.9901600632529204,1.495548597057748,-18.01099967956543,-41.57499694824219,352.66766666666626,325.71633333333347,304.60120491650224,306.5129344795072,311.44940170906267
328.208,2003,4,30,2,120,18,2,0,0,-1.3260099792712003,0.35361187301687214,-13.355999946594238,-16.066999435424805,343.1156666666663,327.8285000000001,305.7815446706771,307.16378644512196,312.79008957233765
355.405,2003,5,31,2,151,22,5,0,0,-0.6853653273651907,-0.8967421055839327,27.19700050354004,45.20800018310547,341.72566666666626,331.23891666666674,308.2627174371432,308.61102285176827,316.1992824065506
356.912,2003,6,30,2,181,27,0,0,0,-0.479785166619316,1.2461516251018294,1.5069999694824219,14.86299991607666,346.84166666666624,334.1869166666667,310.695181565286,310.0600521662152,319.4562998140265
350.765,2003,7,31,3,212,31,3,1,2,0.614658511805605,0.02193555860521437,-6.146999835968018,-33.34400177001953,354.3606666666662,337.28675000000004,312.6986724870217,311.2812006012287,321.9609958289044
358.99300000000005,2003,8,31,3,243,35,6,1,2,1.0450274468548193,-1.424339366182732,8.227999687194824,6.720999717712402,355.55666666666616,341.3657500000001,315.01338886267064,312.71255458319183,324.9235561625921
378.85900000000004,2003,9,30,3,273,40,1,1,2,1.2506076076006938,0.7185543645030299,19.865999221801758,26.012998580932617,362.87233333333285,346.37066666666675,318.2056694195371,314.6969479456961,329.23839166958476
379.093,2003,10,31,4,304,44,4,1,2,2.345051286025615,-0.505661701993585,0.23399999737739563,-7.993999481201172,372.3149999999996,351.56608333333344,321.25003594856025,316.6288295073252,333.226760336018
390.2,2003,11,30,4,334,48,6,1,2,2.5554023434884234,-1.6737363381386499,11.107000350952148,-8.75899887084961,382.7173333333329,357.47816666666677,324.69753415113223,318.83596462210545,337.7846195091366
407.67400000000004,2003,12,31,4,365,1,2,1,2,1.6537573037338902,0.8895882317378297,17.474000930786133,17.240001678466797,392.3223333333329,363.6760000000001,328.8463574435756,321.50110568344223,343.37576994840566
414.495,2004,1,31,1,31,5,5,0,0,-2.8140200408172555,-0.8392741814003328,6.821000099182129,-4.2860002517700195,404.12299999999954,368.47858333333335,333.12878957139674,324.29092251293895,349.06530835253324
404.73,2004,2,29,1,60,9,6,0,0,-2.8236868609408527,-1.7291485289025166,-9.765000343322754,-27.239002227783203,408.96633333333284,372.24150000000003,336.7088500928269,326.70409483755077,353.5184836843306
405.976,2004,3,31,1,91,14,2,0,0,-1.9775373888949814,0.527386805514647,1.246000051498413,-5.574999809265137,408.40033333333287,377.6091666666666,340.17220758818553,329.08225199242423,357.7150849895841
404.85,2004,4,30,2,121,18,4,0,0,-1.313387304913261,-0.614549918526228,-1.1260000467300415,8.638999938964844,405.1853333333329,383.99600000000004,343.40609720877626,331.3552844326515,361.48587819041745
383.95300000000003,2004,5,31,2,152,23,0,0,0,-0.6775135497241853,1.446064469703794,-20.89699935913086,-22.14299964904785,398.2596666666662,386.37500000000006,345.43344234833745,332.93321589967195,363.2832479351841
391.78,2004,6,30,2,182,27,2,0,0,-0.46716249226137646,0.27798983355872925,7.827000141143799,8.95300006866455,393.5276666666662,389.2806666666667,347.7507702309206,334.69861942268176,365.56298810036935
398.441,2004,7,31,3,213,31,5,1,2,0.6272811861635446,-0.946226232937886,6.660999774932861,27.557998657226562,391.39133333333285,393.2536666666667,350.28528171937455,336.61089084000133,368.1932290523398
400.13300000000004,2004,8,31,3,244,36,1,1,2,1.0528792244958245,0.9184672091049948,1.6920000314712524,-6.135000228881836,396.7846666666662,396.68199999999996,352.77766763340577,338.5165541148013,370.74841072815263
405.402,2004,9,30,3,274,40,3,1,2,1.2632302819586334,-0.24960742704007022,5.269000053405762,-1.3919997215270996,401.32533333333294,398.8939166666666,355.40888425173546,340.52311749135725,373.52069786990046
420.21,2004,10,31,4,305,44,6,1,2,2.3576739603835546,-1.4738234935366852,14.807999610900879,13.115999221801758,408.58166666666625,402.3203333333333,358.64894003914867,342.9137239666165,377.25584204030844
439.059,2004,11,30,4,335,49,1,1,2,2.563254121129429,0.6690702371490765,18.849000930786133,13.580000877380371,421.55699999999956,406.39191666666665,362.66944303719123,345.79808224761797,382.2000946770838
442.974,2004,12,31,4,366,53,4,1,2,3.2038987730354394,-0.5812837414517279,3.9149999618530273,-10.892999649047852,434.0809999999995,409.3335833333333,366.6846708853317,348.7133597801894,387.06200710291716
424.08,2005,1,31,1,31,5,0,0,0,-2.8405725836321816,1.5129445793071858,-18.893999099731445,-37.74300003051758,435.37099999999947,410.1323333333333,369.55443734106507,350.9743589867837,390.0234465346838
423.43,2005,2,28,1,59,9,0,0,0,-3.0702572813421836,0.9012705204478828,-0.6499999761581421,-4.565000057220459,430.16133333333283,411.6906666666667,372.2482154740118,353.1480282171802,392.6959708119091
434.355,2005,3,31,1,90,13,3,0,0,-2.009061195722583,0.04275843422136067,10.925000190734863,29.819000244140625,427.2883333333329,414.05558333333335,375.3535547003112,355.58423737066477,396.02869314695636
429.14,2005,4,30,2,120,17,5,0,0,-1.3449111117408628,-1.0991782898195144,-5.215000152587891,-4.565000057220459,428.9749999999996,416.07975000000005,378.0428769652956,357.79091024954477,398.6775976951999
422.903,2005,5,31,2,151,22,1,0,0,-0.7090373565517873,0.961436098410508,-6.236999988555908,-17.16200065612793,428.7993333333329,419.3255833333333,380.2858831170308,359.74427294205844,400.61562987958393
430.30199999999996,2005,6,30,2,181,26,3,0,0,-0.49868629908897877,-0.20663853773455737,7.39900016784668,12.61400032043457,427.44833333333287,422.53575,382.78668896117927,361.8610047537967,402.9905394892172
424.745,2005,7,31,3,212,30,6,1,2,0.5957573793359423,-1.430854604231172,-5.557000160217285,0.679999828338623,425.98333333333295,424.72775,384.8846045131203,363.74752461118277,404.7308963300799
437.773,2005,8,31,3,243,35,2,1,2,1.0213554176682227,0.4338388378117085,13.027999877929688,5.628999710083008,430.93999999999966,427.8644166666667,387.5290242874642,365.96828887284727,407.37426462367347
455.936,2005,9,30,3,273,39,4,1,2,1.2317064751310316,-0.7342357983333567,18.163000106811523,23.720001220703125,439.4846666666663,432.0755833333333,390.949373073091,368.6673202066619,411.2592034537796
470.10699999999997,2005,10,31,4,304,44,0,1,2,2.3213792568390184,1.352516502000856,14.170999526977539,1.1429996490478516,454.60533333333296,436.2336666666667,394.90725441943647,371.710510600462,415.9670271774773
476.668,2005,11,30,4,334,48,2,1,2,2.5317303143018273,0.1844418658557904,6.560999870300293,-11.60200023651123,467.57033333333294,439.36774999999994,398.9952916984646,374.85923528244814,420.8231050032791
509.423,2005,12,31,4,365,52,5,1,2,3.172374966207837,-1.0659121127450146,32.755001068115234,18.584001541137695,485.399333333333,444.9051666666666,404.5166771135414,378.8961482239747,427.91109660301686
549.433,2006,1,31,1,31,5,1,0,0,-2.837692070003852,1.018904022594108,40.0099983215332,33.448997497558594,511.841333333333,455.35124999999994,411.7624932578643,384.0122537772554,437.6328488747755
555.518,2006,2,28,1,59,9,1,0,0,-3.067376767713854,0.40722996373480497,6.085000038146973,-26.670001983642578,538.1246666666663,466.35858333333323,418.9502685949711,389.15742616393777,447.0636609647935
557.215,2006,3,31,1,90,13,4,0,0,-2.0061806820942536,-0.4512821224917169,1.6970000267028809,-38.3129997253418,554.055333333333,476.5969166666666,425.8635051652225,394.19915337901966,455.87576808761
611.8530000000001,2006,4,30,2,120,17,6,0,0,-1.3420305981125331,-1.5932188465325927,54.63800048828125,48.553001403808594,574.8619999999997,491.82299999999987,435.1629799069613,400.72876877764907,468.35394664060124
676.7689999999999,2006,5,31,2,151,22,2,0,0,-0.7061568429234578,0.46739554169743003,64.91600036621094,63.21900177001953,615.2789999999997,512.9784999999998,447.24328091161317,409.0099757143196,485.02715090935317
597.898,2006,6,30,2,181,26,4,0,0,-0.49580578546064935,-0.700679094447635,-78.87100219726562,-133.50900268554688,628.8399999999997,526.9448333333332,454.7760168660325,414.67661644288995,494.0568188366049
633.0930000000001,2006,7,31,3,212,31,0,0,0,0.593866996247338,1.3860732058865772,35.19499969482422,-29.72100067138672,635.9199999999997,544.3071666666666,463.69186602273084,421.22910794960325,505.1797133296766
631.557,2006,8,31,3,243,35,3,0,0,1.024235931296552,-0.060201718901369175,-1.5360000133514404,77.33499908447266,620.8493333333331,560.4558333333332,472.0851227215943,427.5389447111151,515.2898962633025
600.15,2006,9,30,3,273,39,5,0,0,1.234586988759361,-1.2282763550464342,-31.406999588012695,-66.60199737548828,621.5999999999998,572.4736666666665,478.48836658551454,432.71727636978164,522.0787045622383
586.648,2006,10,31,4,304,44,1,0,0,2.3242597704673473,0.8584759452877778,-13.501999855041504,-11.965999603271484,606.1183333333331,582.1854166666666,483.8963482562388,437.3351980786882,527.2442481972593
626.825,2006,11,30,4,334,48,3,0,0,2.5346108279301567,-0.3095986908572873,40.176998138427734,71.58399963378906,604.5409999999998,594.6984999999999,491.04278084342684,443.0198921363276,535.2107083414785
629.513,2006,12,31,4,365,52,6,0,0,3.1752554798361663,-1.5599526694580923,2.687999963760376,16.190000534057617,614.3286666666664,604.7059999999999,497.96629180125547,448.6146853722378,542.7548916741603
630.352,2007,1,31,1,31,5,2,0,0,-2.8348115563755227,0.5248634658810303,0.8389999866485596,-39.33799743652344,628.8966666666664,611.4492499999999,504.5855772111927,454.0668048110706,549.7626603402275
665.1030000000001,2007,2,28,1,59,9,2,0,0,-3.0644962540855243,-0.08681059297827226,34.750999450683594,32.0629997253418,641.6559999999997,620.5813333333332,512.611448350633,460.3978906667384,558.9898875130093
655.8910000000001,2007,3,31,1,90,13,5,0,0,-2.0033001684659237,-0.9453226792047943,-9.211999893188477,-10.050999641418457,650.4486666666666,628.8043333333331,519.7754259331014,466.2626839467363,566.7419765119686
680.008,2007,4,30,2,120,18,0,0,0,-1.3439209812011381,1.2237089635851572,24.117000579833984,-10.63399887084961,667.0006666666665,634.4839166666665,527.7870546364462,472.67504342833416,575.803258391011
668.31,2007,5,31,2,151,22,3,0,0,-0.7032763292951284,-0.026645015015647495,-11.697999954223633,-2.4860000610351562,668.0696666666664,633.7789999999999,534.8132019046238,478.54409212548416,583.2037977197301
655.7139999999999,2007,6,30,2,181,26,5,0,0,-0.4929252718323197,-1.194719651160712,-12.595999717712402,-36.7130012512207,668.0106666666665,638.5969999999999,540.8582418093927,483.85918936171964,589.0046139021517
665.2660000000001,2007,7,31,3,212,31,1,0,0,0.5967475098756675,0.8920326491734996,9.552000045776367,21.25,663.0966666666665,641.2780833333333,547.0786297189229,489.30139368086805,595.1055247899795
664.53,2007,8,31,3,243,35,4,0,0,1.0271164449248815,-0.5542422756144468,-0.7360000014305115,11.859999656677246,661.8366666666665,644.0258333333333,552.9511982329767,494.558251870442,600.6594828067813
710.645,2007,9,30,3,273,39,6,0,0,1.2374675023876907,-1.7223169117595125,46.1150016784668,36.56300354003906,680.1469999999998,653.2337499999999,560.8358883213278,501.0408543143287,609.4583241822388
754.48,2007,10,31,4,304,44,2,0,0,2.3271402840956776,0.36443538857470026,43.834999084472656,44.57099914550781,709.8849999999998,667.2197499999999,570.5180939052615,508.6440286848989,621.0600582476596
808.311,2007,11,30,4,334,48,4,0,0,2.5374913415584857,-0.803639247570365,53.83100128173828,7.715999603271484,757.8119999999999,682.3435833333332,582.4077392099985,517.6340378243519,636.040133587847
803.618,2007,12,31,4,365,1,0,0,0,1.6358463018039522,1.7596853223061149,-4.692999839782715,-48.52799987792969,788.8029999999999,696.8523333333331,593.4682522494986,526.2135566896213,649.4463629008193
887.784,2008,1,31,1,31,5,3,0,0,-2.831931042747193,0.030822909167952668,84.16600036621094,30.334999084472656,833.2376666666665,718.3049999999997,608.1840396370236,537.0606699889327,668.5133738687538
924.283,2008,2,29,1,60,9,4,0,0,-2.8415978628707896,-0.859051438334231,36.499000549316406,41.19200134277344,871.8949999999999,739.9033333333331,623.9889876551724,548.6773398892647,688.9749439592534
971.055,2008,3,31,1,91,14,0,0,0,-1.9954483908249188,1.3974838960829326,46.77199935913086,-37.39400100708008,927.7073333333332,766.1669999999998,641.3422882724137,561.3486696925868,711.5413484425131
911.6,2008,4,30,2,121,18,2,0,0,-1.3312983068431985,0.2555471720420573,-59.45500183105469,-95.9540023803711,935.6459999999997,785.4663333333332,654.855173858793,571.8562096018092,727.5460405671121
889.125,2008,5,31,2,152,22,5,0,0,-0.6906536549371889,-0.9948068065587478,-22.475000381469727,-69.24700164794922,923.9266666666664,803.8675833333332,666.5686651658533,581.3742733137549,740.4723573217432
889.5360000000001,2008,6,30,2,182,27,0,0,0,-0.4850734941913141,1.148086924127014,0.41100001335144043,59.86600112915039,896.7536666666665,823.3527499999999,677.7170319075607,590.6191251143422,752.3974487360038
941.1669999999999,2008,7,31,3,213,31,3,0,0,0.6093701842336068,-0.07612914236960065,51.63100051879883,74.10600280761719,906.6093333333332,846.3444999999998,690.8895303121826,601.1355613609119,767.4990128371235
840.388,2008,8,31,3,244,35,6,0,0,1.0397391192828211,-1.5224040671575474,-100.77899932861328,-101.19000244140625,890.3636666666665,860.9993333333332,698.3644537965735,608.3131345200845,773.3301318101536
824.92,2008,9,30,3,274,40,1,0,0,1.2453192800286954,0.6204896635282147,-15.468000411987305,-67.0989990234375,868.8249999999998,870.5222499999999,704.6922311067448,614.811340484482,777.4573212653413
812.815,2008,10,31,4,305,44,4,0,0,2.3397629584536164,-0.6037264029684,-12.104999542236328,88.67399597167969,826.0409999999998,875.3834999999999,710.0983695514075,620.7514502699476,780.2859355641141
757.85,2008,11,30,4,335,48,6,0,0,2.5501140159164253,-1.771801039113465,-54.96500015258789,-39.49700164794922,798.5283333333332,871.1784166666666,712.4859510738371,624.8644067618491,778.4910607189851
819.94,2008,12,31,4,366,1,2,0,0,1.6484689761618914,0.7915235307630147,62.09000015258789,74.19499969482422,796.8683333333332,872.5385833333333,717.8586535201451,630.7166745589936,781.8069758614663
857.7260000000001,2009,1,31,1,31,5,5,0,0,-2.8241450197116538,-0.9375942004485577,37.7859992980957,92.7509994506836,811.8386666666665,870.03375,724.8520208441379,637.5269543222238,787.880497792549
939.763,2009,2,28,1,59,9,5,0,0,-3.053829717421657,-1.5492682593078602,82.03700256347656,19.947002410888672,872.4763333333332,871.3237500000001,735.597569801931,646.5940356925571,800.0310979691452
925.9889999999999,2009,3,31,1,90,14,1,0,0,-1.9974045285189905,0.9031880212964447,-13.77400016784668,-51.55999755859375,907.8259999999999,867.5682500000001,745.1171413118343,654.9758846217803,810.1077301316136
892.663,2009,4,30,2,120,18,3,0,0,-1.3332544445372696,-0.23874870274443036,-33.32600021362305,-115.36300659179688,919.4716666666665,865.9901666666668,752.4944342462426,662.1064980831269,816.7121517210845
926.855,2009,5,31,2,151,22,6,0,0,-0.6926097926312601,-1.4891026813452357,34.19200134277344,47.96600341796875,915.1689999999999,869.1343333333334,761.2124625339304,670.0489531406331,825.5235795833978
947.807,2009,6,30,2,181,27,1,0,0,-0.4870296318853854,0.653791049340527,20.95199966430664,54.27799987792969,922.4416666666665,873.9902500000002,770.5421894072339,678.3816945464141,835.3062532167261
934.2719999999999,2009,7,31,3,212,31,4,0,0,0.6074140465395357,-0.5704250171560883,-13.53499984741211,-47.72700119018555,936.3113333333331,873.4156666666669,778.7286799368721,686.0584037100216,843.223512959388
949.5,2009,8,31,3,243,36,0,0,0,1.0330120848718158,1.294268424886792,15.227999687194824,-5.723999977111816,943.8596666666664,882.5083333333336,787.2672459400285,693.9616515987209,851.725631922637
996.443,2009,9,30,3,273,40,2,0,0,1.2433631423346247,0.12619378874172746,46.94300079345703,60.47800064086914,960.0716666666664,896.8019166666668,797.726033643027,703.0360920507592,863.3030213688262
1043.511,2009,10,31,4,304,44,5,2,1,2.337806820759546,-1.0980222777548876,47.06800079345703,31.84000015258789,996.4846666666664,916.0265833333334,810.0152819608757,713.2503392892364,877.7196596593201
1126.119,2009,11,30,4,334,49,0,2,1,2.54338698150542,1.0448714529308742,82.60800170898438,35.665000915527344,1055.3576666666665,946.7156666666668,825.8204678628317,725.6363991105593,897.5916068865745
1135.012,2009,12,31,4,365,53,3,2,1,3.18403163341143,-0.20548252566993047,8.892999649047852,-38.17500305175781,1101.547333333333,972.9716666666668,841.2800444696901,737.9176671372425,916.5852383356486
1119.575,2010,1,31,1,31,4,6,2,1,-2.8508321752168557,-1.4219672536684342,-15.437000274658203,-98.04499816894531,1126.9019999999996,994.7924166666668,855.1947922462056,749.3673871231252,932.8244192687968
1095.8,2010,2,28,1,59,8,6,2,1,-3.0805168729268577,-2.033641312527737,-23.774999618530273,-32.667999267578125,1116.7956666666662,1007.7955000000001,867.2250526338952,759.7603655094315,945.862465727293
1115.5539999999999,2010,3,31,1,90,13,2,2,1,-2.0240916840241914,0.41881496807656815,19.753999710083008,35.191001892089844,1110.3096666666663,1023.5925833333334,879.6415000022004,770.4341745441486,959.4377884691097
1148.475,2010,4,30,2,120,17,4,2,1,-1.359941600042471,-0.723121755964307,32.92100143432617,56.69599914550781,1119.9429999999995,1044.9102500000001,893.0831750020903,781.7753993078242,974.560765391581
1204.3210000000001,2010,5,31,2,151,22,0,2,1,-0.7240678448533957,1.337492632265715,55.84600067138672,36.092002868652344,1156.116666666666,1068.0324166666667,908.6450662519858,794.4517673285894,992.9415841602546
1232.382,2010,6,30,2,181,26,2,2,1,-0.5137167873905869,0.16941799612065012,28.06100082397461,-4.8600006103515625,1195.0593333333327,1091.747,924.8319129393865,807.5896743087317,1012.0968174274343
1196.0,2010,7,31,3,212,30,5,2,1,0.5807268910343341,-1.0547980703759647,-36.38199996948242,-92.22799682617188,1210.9009999999994,1113.5576666666666,938.3903172924171,819.2419840794697,1026.8090720332395
1213.464,2010,8,31,3,243,35,1,2,1,1.0063249293666143,0.8098953716669159,17.464000701904297,-10.597000122070312,1213.948666666666,1135.5546666666667,952.1440014277962,831.0686445570856,1041.7414662705803
1271.461,2010,9,30,3,273,39,3,2,1,1.216675986829423,-0.3581792644781491,57.99700164794922,94.37899780273438,1226.9749999999992,1158.4728333333333,968.1098513564064,844.280415220373,1060.119028968934
1343.19,2010,10,31,4,304,43,6,2,1,2.3111196652543438,-1.582395330974764,71.72899627685547,54.26499557495117,1276.0383333333327,1183.4460833333333,986.863858788586,859.2477027637618,1082.7647066514194
1371.7839999999999,2010,11,30,4,334,48,1,2,1,2.516699826000219,0.5604983997109977,28.5939998626709,-29.40300178527832,1328.8116666666658,1203.9181666666666,1006.1098658491567,874.6237916808489,1105.886250119306
1393.5120000000002,2010,12,31,4,365,52,4,2,1,3.1573444779062285,-0.689855578889807,21.72800064086914,-50.00099563598633,1369.4953333333326,1225.459833333333,1025.4799725566988,890.1904379304233,1128.8963101097615
1360.475,2011,1,31,1,31,5,0,2,1,-2.85272255830546,1.3949605564493157,-33.0369987487793,-61.63099670410156,1375.256999999999,1245.5348333333332,1042.229723928864,904.2989747925105,1147.4226053009806
1371.3129999999999,2011,2,28,1,59,9,0,2,1,-3.0824072560154625,0.7832864975900133,10.838000297546387,-10.890000343322754,1375.0999999999992,1268.49425,1058.6838877324205,918.3093955487352,1165.3338368769023
1422.848,2011,3,31,1,90,13,3,2,1,-2.021211170395862,-0.07522558863650931,51.53499984741211,84.5719985961914,1384.8786666666656,1294.1020833333332,1076.8920933457994,933.4455536822732,1185.93496992675
1474.431,2011,4,30,2,120,17,5,2,1,-1.3570610864141415,-1.2171623126773847,51.58300018310547,40.744998931884766,1422.863999999999,1321.2650833333332,1096.7690386785093,949.675117071805,1209.0146523326102
1512.1879999999999,2011,5,31,2,151,22,1,2,1,-0.7211873312250658,0.8434520755526377,37.75699996948242,-13.777999877929688,1469.8223333333324,1346.9206666666666,1117.5399867445838,966.5505035596508,1233.2685201460015
1528.38,2011,6,30,2,181,26,3,2,1,-0.5108362737622574,-0.3246225605924274,16.191999435424805,-35.39099884033203,1504.9996666666657,1371.5871666666665,1138.0819874073545,983.4053884528613,1256.8774385343215
1568.526,2011,7,31,3,212,30,6,2,1,0.5836074046626636,-1.5488386270890426,40.145999908447266,2.3889999389648438,1536.3646666666657,1402.631,1159.604188036987,1000.9590067992755,1281.809323451576
1759.5,2011,8,31,3,243,35,2,2,1,1.009205442994944,0.3158548149538382,190.9739990234375,174.78199768066406,1618.801999999999,1448.134,1189.5989786351374,1023.7152365952971,1320.02457757545
1780.648,2011,9,30,3,273,39,4,2,1,1.2195565004577529,-0.8522198211912267,21.148000717163086,-18.99799919128418,1702.8913333333323,1490.56625,1219.1514297033805,1046.4232194974381,1356.874451369414
1667.8929999999998,2011,10,31,4,304,44,0,2,1,2.3092292821657394,1.2345324791429853,-112.75499725341797,-303.72900390625,1736.0136666666658,1517.6248333333335,1241.5885082182112,1065.0673129125148,1381.755935259861
1735.977,2011,11,30,4,334,48,2,2,1,2.5195803396285488,0.06645784299792042,68.08399963378906,46.935997009277344,1728.1726666666657,1547.9742500000002,1266.3079328073009,1085.1946035251394,1410.093620439072
1652.725,2011,12,31,4,365,52,5,2,1,3.160224991534558,-1.1838961356028848,-83.25199890136719,29.50299835205078,1685.5316666666656,1569.5753333333334,1285.6287861669357,1102.2205154193853,1429.5041308039465
1656.095,2012,1,31,1,31,5,1,2,1,-2.849842044677131,0.9009199997362377,3.369999885559082,-64.71399688720703,1681.598999999999,1594.2103333333337,1304.152096858589,1118.8367499568035,1447.6314003396308
1743.095,2012,2,29,1,60,9,2,2,1,-2.859508864800727,0.011045652234053908,87.0,170.2519989013672,1683.9716666666657,1625.1921666666674,1326.0992420156595,1137.5644974580994,1471.2684883124602
1675.057,2012,3,31,1,91,13,5,2,1,-2.0085884960379223,-1.0433873801796096,-68.03800201416016,-71.40800476074219,1691.4156666666659,1646.209583333334,1343.5471299148765,1153.6892725343564,1487.5715692474635
1648.539,2012,4,30,2,121,18,0,2,1,-1.349209308773136,1.125644262610343,-26.51799964904785,-113.51799774169922,1688.896999999999,1660.718583333334,1358.7967234191326,1168.5347643583257,1500.4489637076665
1585.114,2012,5,31,2,152,22,3,2,1,-0.7085646568671268,-0.12470971599046246,-63.42499923706055,4.613002777099609,1636.2366666666655,1666.795750000001,1370.112587248176,1181.0321414275759,1507.2221666110531
1595.632,2012,6,30,2,182,26,5,2,1,-0.498213599404318,-1.2927843521355276,10.517999649047852,37.0359992980957,1609.7616666666656,1672.4000833333341,1381.388557885767,1193.4701371847486,1514.294953282169
1592.7839999999999,2012,7,31,3,213,31,1,2,1,0.5914591823036691,0.7939679481986844,-2.8480000495910645,60.57699966430664,1591.1766666666656,1674.421583333334,1391.9583299914789,1205.449553069206,1520.5740770195955
1625.682,2012,8,31,3,244,35,4,2,1,1.0218281173528831,-0.6523069765892617,32.89799880981445,22.3799991607666,1604.699333333332,1663.270083333334,1403.644513491905,1218.0565264771299,1528.982710858028
1741.925,2012,9,30,3,274,39,6,2,1,1.2321791748156923,-1.8203816127343266,116.24299621582031,119.09099578857422,1653.4636666666654,1660.0431666666673,1420.5585378173098,1233.772580682816,1546.0180939893858
1746.348,2012,10,31,4,305,44,2,2,1,2.3218519565236795,0.2663706875998853,4.422999858856201,-28.474998474121094,1704.6516666666655,1666.5810833333342,1436.8480109264442,1249.1498432623314,1562.044486470235
1724.352,2012,11,30,4,335,48,4,2,1,2.5322030139864875,-0.9017039485451799,-21.996000289916992,-138.23899841308594,1737.5416666666654,1665.6123333333342,1451.2232103801218,1263.4059079644614,1575.0290875526161
1687.342,2012,12,31,4,366,1,0,2,1,1.6305579742319547,1.6616206213313,-37.0099983215332,-41.43299865722656,1719.3473333333322,1668.4970833333343,1463.0291498611157,1276.1239907255274,1584.014120548407
1671.886,2013,1,31,1,31,5,3,2,1,-2.8420560216415915,-0.06749710988027235,-15.456000328063965,6.539999961853027,1694.5266666666655,1669.8130000000008,1473.4719923680598,1287.9968510037615,1591.0438709045345
1630.6879999999999,2013,2,28,1,59,9,3,2,1,-3.071740719351595,-0.6791711687395748,-41.198001861572266,-4.1880035400390625,1663.305333333332,1660.4457500000005,1481.3327927496566,1298.2775854736487,1594.2154012321719
1591.013,2013,3,31,1,90,13,6,2,1,-2.0105446337319934,-1.537683254966097,-39.67499923706055,-24.218997955322266,1631.1956666666654,1653.4420833333336,1486.8168031121736,1307.0596479094393,1593.9592091335983
1485.905,2013,4,30,2,120,18,1,2,1,-1.3511654464672074,0.6313483878238548,-105.10800170898438,-63.90999984741211,1569.2019999999986,1639.8892500000002,1486.7712129565648,1312.4250084721562,1585.3148724029104
1416.1429999999998,2013,5,31,2,151,22,4,2,1,-0.710520794561198,-0.61900559077695,-69.76200103759766,-30.08700180053711,1497.6869999999988,1625.8083333333334,1483.2398023087367,1315.5365482179916,1571.7811226106776
1342.7,2013,6,30,2,181,26,6,2,1,-0.5001697370983892,-1.787080226922015,-73.44300079345703,31.665000915527344,1414.9159999999986,1604.7306666666666,1476.2128121932997,1316.3514517714518,1553.4546328018234
1284.348,2013,7,31,3,212,31,2,2,1,0.589503044609598,0.29967207341219687,-58.35200119018555,11.40999984741211,1347.730333333332,1579.0276666666668,1466.6195715836345,1315.3913482183082,1531.9261021776776
1345.0479999999998,2013,8,31,3,243,35,5,2,1,1.019871979658812,-1.1466028513757494,60.70000076293945,134.14300537109375,1324.0319999999986,1555.6415,1460.5409930044527,1316.2810477717587,1516.9758540034634
1348.464,2013,9,30,3,273,40,0,2,1,1.2254521404046868,0.9962908793100121,3.4159998893737793,61.768001556396484,1325.953333333332,1522.8530833333334,1454.9371433542299,1317.246536338606,1503.4949056831865
1314.402,2013,10,31,4,304,44,3,2,1,2.319895818829608,-0.22792518718660235,-34.0620002746582,-94.76200103759766,1335.971333333332,1486.8575833333337,1447.9103861865183,1317.1612002484478,1488.3674732285317
1277.417,2013,11,30,4,334,48,5,2,1,2.5302468762924164,-1.3959998233316677,-36.98500061035156,-40.4010009765625,1313.4276666666656,1449.6130000000005,1439.3857168771924,1315.9688742409944,1471.4914353702493
1221.588,2013,12,31,4,365,1,1,2,1,1.6286018365378832,1.1673247465448122,-55.82899856567383,-21.766998291015625,1271.1356666666654,1410.800166666667,1428.4958310333327,1313.1374480137645,1451.4991605406294
1243.068,2014,1,31,1,31,5,4,2,1,-2.8391755080132635,-0.5615376665933499,21.479999542236328,58.46500015258789,1247.3576666666656,1375.065333333334,1419.224439481666,1311.0353645733514,1434.824667697379
1298.713,2014,2,28,1,59,9,4,2,1,-3.068860205723265,-1.1732117254526526,55.64500045776367,111.4739990234375,1254.4563333333322,1347.4007500000005,1413.1988675075825,1310.6656936361508,1423.9357342815888
1336.56,2014,3,31,1,90,14,0,2,1,-2.012435016820598,1.2792445551516525,37.84700012207031,16.367000579833984,1292.7803333333322,1326.196333333334,1409.3669241322032,1311.4425228270663,1416.9456755390618
1299.175,2014,4,30,2,120,18,2,2,1,-1.3482849328388777,0.1373078311107771,-37.3849983215332,-93.02999877929688,1311.4826666666656,1310.6355000000005,1403.857327925593,1311.0744971422544,1407.524021495937
1288.913,2014,5,31,2,151,22,5,2,1,-0.7076402809328683,-1.1130461474900277,-10.26200008392334,-48.10900115966797,1308.2159999999992,1300.0330000000004,1398.1101115293131,1310.4096522279867,1398.035139776262
1277.857,2014,6,30,2,181,27,0,2,1,-0.5020601201869935,1.0298475831957343,-11.055999755859375,26.328998565673828,1288.6483333333324,1294.6294166666669,1392.0974559528474,1309.4330726611472,1388.4208885941612
1312.989,2014,7,31,3,212,31,3,2,1,0.5923835582379274,-0.19436848330088075,35.13199996948242,45.39400100708008,1293.252999999999,1297.016166666667,1388.142033155205,1309.5397504813127,1382.3863375066283
1297.005,2014,8,31,3,243,35,6,2,1,1.0227524932871417,-1.640643408088827,-15.984000205993652,-4.928000450134277,1295.9503333333325,1293.0125833333339,1383.5851814974446,1309.1637079668733,1375.5558305060981
1241.33,2014,9,30,3,273,40,1,2,1,1.2283326540330162,0.5022503225969348,-55.67499923706055,-90.80699920654297,1283.7746666666656,1284.0847500000007,1376.4724224225722,1307.128696727867,1364.8177640656102
1223.565,2014,10,31,4,304,44,4,2,1,2.322776332457938,-0.7219657438996798,-17.764999389648438,-1.7809991836547852,1253.9666666666658,1276.5150000000006,1368.8270513014434,1304.6217858260309,1353.5175429403614
1176.413,2014,11,30,4,334,48,6,2,1,2.5331273899207463,-1.8900403800447454,-47.152000427246094,8.522998809814453,1213.7693333333325,1268.0980000000004,1359.2063487363712,1300.7755222512499,1339.3491795051325
1200.44,2014,12,31,4,365,1,2,2,1,1.6314823501662128,0.6732841898317344,24.027000427246094,41.79199981689453,1200.1393333333326,1266.335666666667,1351.2680312995526,1297.7654565837124,1328.236445144722
1249.333,2015,1,31,1,31,5,5,2,1,-2.8362949943849336,-1.0555782233064275,48.893001556396484,96.04499816894531,1208.7286666666662,1266.8577500000004,1346.171279734575,1296.312482886201,1321.9241695331443
1231.1,2015,2,28,1,59,9,5,2,1,-3.065979692094935,-1.66725228216573,-18.232999801635742,-42.26000213623047,1226.957666666666,1261.2233333333336,1340.4177157478462,1294.3561083996149,1314.6582359704928
1180.636,2015,3,31,1,90,14,1,2,1,-2.0095545031922684,0.7852039984385746,-50.4640007019043,-99.35700225830078,1220.3563333333327,1248.229666666667,1332.4286299604537,1290.9445051476264,1303.9364570928535
1198.253,2015,4,30,2,120,18,3,2,1,-1.345404419210548,-0.3567327256023004,17.617000579833984,35.849998474121094,1203.329666666666,1239.8195000000005,1325.719848462431,1288.1637599931976,1295.4817805254252
1197.684,2015,5,31,2,151,22,6,2,1,-0.7047597673045389,-1.6070867042031058,-0.5690000057220459,49.89500045776367,1192.1909999999993,1232.2170833333337,1319.3180560393093,1285.4493671934015,1287.6579580833913
1182.248,2015,6,30,2,181,27,1,2,1,-0.499179606558664,0.5358070264826562,-15.435999870300293,-33.053001403808594,1192.7283333333328,1224.249666666667,1312.4645532373438,1282.3533261775992,1279.22516143672
1131.58,2015,7,31,3,212,31,4,2,1,0.5952640718662568,-0.6884090400139584,-50.667999267578125,-50.0989990234375,1170.5039999999992,1209.1322500000003,1303.4203255754765,1277.8301263922713,1267.4135485217826
1117.525,2015,8,31,3,243,36,0,2,1,1.0208621101985373,1.1762844020289225,-14.055000305175781,1.3809995651245117,1143.7843333333328,1194.1755833333336,1294.1255592967027,1273.020972600503,1255.42246464004
1124.905,2015,9,30,3,273,40,2,2,1,1.2312131676613458,0.008209765883857396,7.380000114440918,58.04800033569336,1124.6699999999994,1184.4735000000003,1285.6645313318675,1268.5774934224878,1244.981067468837
1157.123,2015,10,31,4,304,44,5,2,1,2.3256568460862668,-1.2160063006127573,32.21799850463867,46.27299880981445,1133.1843333333327,1178.936666666667,1279.2374547652742,1265.2338586198132,1237.9524220713301
1088.388,2015,11,30,4,334,49,0,2,1,2.5312370068321415,0.926887430073004,-68.73500061035156,-76.11499786376953,1123.4719999999993,1171.6012500000004,1269.6949820270104,1259.9284828612188,1225.9872683056237
1068.317,2015,12,31,4,365,53,3,2,1,3.171881658738152,-0.3234665485278006,-20.070999145507812,-52.288997650146484,1104.6093333333329,1160.5910000000001,1259.6260829256598,1254.1801383753823,1213.3736468411737
1095.655,2016,1,31,1,31,4,6,2,1,-2.8629821498901347,-1.5399512765263046,27.33799934387207,96.072998046875,1084.1199999999994,1147.7845000000002,1251.4275287793769,1249.4243842241208,1203.9561550938797
1194.893,2016,2,29,1,60,9,0,2,1,-2.8774198667306647,0.8811427428023394,99.23799896240234,119.30899810791016,1119.6216666666662,1144.76725,1248.600802340408,1247.7884426973972,1203.2311026863692
1246.312,2016,3,31,1,91,13,3,2,1,-2.0264994979678597,-0.17329028961132437,51.41899871826172,24.08099937438965,1178.953333333333,1150.24025,1248.4863622233875,1247.744149416475,1206.6775744714598
1241.452,2016,4,30,2,121,17,5,2,1,-1.36234941398614,-1.3152270136521993,-4.860000133514404,-104.0979995727539,1227.552333333333,1153.8401666666666,1248.134644112218,1247.5553849339806,1209.4595285137432
1259.755,2016,5,31,2,152,22,1,2,1,-0.7264756587970642,0.7453873745778228,18.30299949645996,-33.115997314453125,1249.1729999999998,1159.01275,1248.715661906607,1247.9213733859613,1213.483166232644
1273.58,2016,6,30,2,182,26,3,2,1,-0.5161246013342555,-0.42268726156724246,13.824999809265137,18.684999465942383,1258.2623333333331,1166.62375,1249.9588788112767,1248.6911321843825,1218.2909129340326
1337.4289999999999,2016,7,31,3,213,30,6,2,1,0.5783190770906654,-1.6469033280638574,63.8489990234375,45.545997619628906,1290.2546666666665,1183.7778333333333,1254.332384870713,1251.3532682188509,1227.82195989931
1340.861,2016,8,31,3,244,35,2,2,1,1.0039171154229458,0.21779011397902337,3.431999921798706,-10.392999649047852,1317.2899999999997,1202.3891666666668,1258.6588156271773,1254.0385001722855,1236.8650831073653
1326.618,2016,9,30,3,274,39,4,2,1,1.2142681728857545,-0.9502845221660418,-14.243000030517578,-78.09199523925781,1334.9693333333332,1219.1985833333335,1262.0567748458184,1256.2158851671168,1244.0453164587761
1268.9289999999999,2016,10,31,4,305,44,0,2,1,2.3039409545937417,1.1364677781681707,-57.68899917602539,-61.12099838256836,1312.1359999999997,1228.5157500000003,1262.4003861035274,1256.5972786121033,1246.0360111420741
1240.2930000000001,2016,11,30,4,335,48,2,2,1,2.51429201205655,-0.0316068579768947,-28.63599967956543,-14.392999649047852,1278.613333333333,1241.1745,1261.295016798351,1256.1081502537402,1245.5765702507083
1152.165,2016,12,31,4,366,52,5,2,1,3.1549366639625607,-1.2819608365776995,-88.12799835205078,-30.43899917602539,1220.4623333333332,1248.1618333333336,1255.8385159584334,1252.989855746128,1238.1036446306516
1192.6480000000001,2017,1,31,1,31,5,1,2,1,-2.85996702357153,0.8025999806880129,40.483001708984375,69.11900329589844,1195.0353333333333,1256.2445833333336,1252.6789901605116,1251.179600073744,1234.4671930601994
1233.39,2017,2,28,1,59,9,1,2,1,-3.0896517212815318,0.19092592182871024,40.742000579833984,128.8699951171875,1192.7343333333333,1259.4526666666668,1251.714540652486,1250.6459120715317,1234.3810176153836
1231.063,2017,3,31,1,90,13,4,2,1,-2.0284556356619308,-0.667586164397812,-2.3269999027252197,-42.810001373291016,1219.0336666666665,1258.181916666667,1250.6819636198616,1250.0584247093857,1234.115576206153
1267.15,2017,4,30,2,120,17,6,2,1,-1.364305551680211,-1.8095228884386874,36.08700180053711,-4.654998779296875,1243.8676666666668,1260.3234166666668,1251.5053654388685,1250.5711719681042,1236.7583301096608
1245.25,2017,5,31,2,151,22,2,2,1,-0.7284317964911354,0.25109149979133494,-21.899999618530273,-19.572999954223633,1247.821,1259.114666666667,1251.192597166925,1250.411536809061,1237.4376637008882
1261.277,2017,6,30,2,181,26,4,2,1,-0.5180807390283269,-0.9169831363537301,16.027000427246094,-20.060001373291016,1257.8923333333332,1258.089416666667,1251.6968173085786,1250.7375007047892,1239.3448106048172
1235.1,2017,7,31,3,212,31,0,2,1,0.5715920426796605,1.169769163980482,-26.177000045776367,-4.277000427246094,1247.209,1249.5620000000004,1250.8669764431497,1250.2683756836454,1239.0052257564319
1281.72,2017,8,31,3,243,35,3,2,1,1.0019609777288745,-0.27650576080746425,46.619998931884766,30.592998504638672,1259.3656666666666,1244.6335833333335,1252.4096276209923,1251.211924413136,1242.4224076959172
1317.045,2017,9,30,3,273,39,5,2,1,1.2123120351916834,-1.4445803969525293,35.32500076293945,61.50199890136719,1277.955,1243.8358333333335,1255.6413962399427,1253.186916680742,1248.3922150802437
1280.677,2017,10,31,4,304,44,1,2,1,2.3019848168996706,0.6421719033816827,-36.36800003051758,-82.98799896240234,1293.147333333333,1244.8148333333336,1256.8931764279455,1254.0116191803195,1250.9749978738241
1283.1889999999999,2017,11,30,4,334,48,3,2,1,2.512335874362479,-0.5259027327633823,2.51200008392334,-32.8129997253418,1293.6369999999997,1248.3895000000002,1258.2079676065482,1254.8869406049098,1253.5521180439182
1265.674,2017,12,31,4,365,52,6,2,1,3.152980526268488,-1.7762567113641876,-17.514999389648438,18.85300064086914,1276.513333333333,1257.8485833333334,1258.5812692262207,1255.2105523867624,1254.521868600405
1332.809,2018,1,31,1,31,5,2,2,1,-2.8570865099432,0.30855942397493524,67.13500213623047,64.62300109863281,1293.8906666666664,1269.5286666666668,1262.2926557649098,1257.5385058151594,1260.7848391123728
1333.775,2018,2,28,1,59,9,2,2,1,-3.0867712076532023,-0.30311463488436735,0.9660000205039978,18.480998992919922,1310.7526666666668,1277.8940833333336,1265.8667729766644,1259.8256006407046,1266.624051983383
1325.5620000000001,2018,3,31,1,90,13,5,2,1,-2.025575122033602,-1.1616267211108893,-8.213000297546387,-75.3479995727539,1330.7153333333335,1285.7690000000005,1268.8515343278311,1261.7976926214833,1271.3390878247124
1335.332,2018,4,30,2,120,18,0,2,1,-1.3661959347688153,1.0074049216790628,9.770000457763672,8.804000854492188,1331.5563333333337,1291.4508333333338,1272.1755576114394,1264.0037218428388,1276.4585207987354
1303.618,2018,5,31,2,151,22,3,2,1,-0.7255512828628058,-0.24294905692174243,-31.714000701904297,-23.500999450683594,1321.5040000000001,1296.3148333333338,1273.7476797308675,1265.1921501875536,1278.6312791348366
1282.126,2018,6,30,2,181,26,5,2,1,-0.5152002253999972,-1.4110236930668074,-21.492000579833984,-31.262001037597656,1307.0253333333333,1298.0522500000004,1274.166595744324,1265.700165681927,1278.9108568040497
1238.0639999999999,2018,7,31,3,212,31,1,2,1,0.5744725563079899,0.6757286072674045,-44.0620002746582,-12.347999572753906,1274.6026666666664,1298.2992500000005,1272.3614659571078,1264.8710807114692,1275.6431082597258
1201.859,2018,8,31,3,243,35,4,2,1,1.0048414913572041,-0.7705463175205417,-36.20500183105469,-14.713001251220703,1240.6829999999998,1291.6441666666672,1268.8363426592523,1262.980718290125,1269.7403795989476
1199.198,2018,9,30,3,273,39,6,2,1,1.2151925488200126,-1.9386209536656067,-2.6610000133514404,41.4010009765625,1213.0403333333331,1281.8235833333335,1265.3544255262898,1261.0672367414213,1264.096989231032
1214.726,2018,10,31,4,304,44,2,2,1,2.304865330528,0.14813134666860528,15.527999877929688,51.733001708984375,1205.261,1276.327666666667,1262.8230042499754,1259.6769996391788,1260.1473100925493
1221.275,2018,11,30,4,334,48,4,2,1,2.5152163879908085,-1.0199432894764597,6.548999786376953,9.210000038146973,1211.733,1271.168166666667,1260.7456040374766,1258.5249396500035,1257.0375252851454
1249.887,2018,12,31,4,365,1,0,2,1,1.6135713482362746,1.5433812804000198,28.61199951171875,13.083999633789062,1228.6293333333333,1269.852583333334,1260.2026738356026,1258.2658014605033,1256.465483262334
1291.63,2019,1,31,1,31,5,3,2,1,-2.8542059963148705,-0.18548113273814235,41.74300003051758,35.194000244140625,1254.264,1266.4210000000007,1261.7740401438225,1259.2667274166884,1259.2786446013474
1319.755,2019,2,28,1,59,9,3,2,1,-3.0838906940248734,-0.7971551915974447,28.125,-0.48699951171875,1287.0906666666667,1265.2526666666674,1264.6730881366313,1261.0813755941876,1264.1167530332398
1302.286,2019,3,31,1,90,13,6,2,1,-2.0226946084052724,-1.6556672778239667,-17.4689998626709,-59.211997985839844,1304.5570000000005,1263.3130000000006,1266.5537337297997,1262.317514326362,1267.1702927905808
1287.65,2019,4,30,2,120,18,1,2,1,-1.3633154211404854,0.5133643649659846,-14.63599967956543,-42.76100158691406,1303.2303333333339,1259.3395000000005,1267.6085470433095,1263.0774888965711,1268.8086693673342
1282.46,2019,5,31,2,151,22,4,2,1,-0.7226707692344762,-0.7369896136348201,-5.190000057220459,12.278999328613281,1290.7986666666673,1257.5763333333339,1268.351119691144,1263.658964229674,1269.9007758179475
1358.4879999999998,2019,6,30,2,181,26,6,2,1,-0.5123197117716677,-1.905064249779885,76.02799987792969,90.66400146484375,1309.5326666666672,1263.9398333333338,1272.8579637065868,1266.5038353027835,1276.9877537525117
1414.611,2019,7,31,3,212,31,2,2,1,0.5773530699363193,0.18168805055432685,56.12300109863281,61.3129997253418,1351.8530000000005,1278.6520833333338,1279.9456155212574,1270.9470502437,1287.9976134523108
1497.102,2019,8,31,3,243,35,5,2,1,1.0077220049855335,-1.264586874233619,82.49099731445312,6.4629974365234375,1423.400333333334,1303.2556666666671,1290.8034347451944,1277.731698736389,1304.725964376126
1510.336,2019,9,30,3,273,40,0,2,1,1.2133021657314083,0.8783068564521426,13.234000205993652,-42.888999938964844,1474.0163333333342,1329.1838333333337,1301.7800630079348,1284.7098277742973,1321.174767226036
1494.765,2019,10,31,4,304,44,3,2,1,2.3077458441563294,-0.3459092100444724,-15.571000099182129,-98.06199645996094,1500.7343333333345,1352.520416666667,1311.429309857538,1291.0114829410684,1335.0619858479533
1471.921,2019,11,30,4,334,48,5,2,1,2.518096901619138,-1.5139838461895374,-22.8439998626709,-36.077999114990234,1492.3406666666679,1373.4075833333336,1319.4538943646612,1296.4387684528363,1346.0107069801172
1480.025,2019,12,31,4,365,1,1,2,1,1.616451861864603,1.0493407236869423,8.104000091552734,23.674999237060547,1482.2370000000012,1392.5857500000004,1327.4824496464282,1301.9463553992512,1356.731850421708
1560.668,2020,1,31,1,31,5,4,2,1,-2.851325482686541,-0.6795216894512198,80.64299774169922,103.48699951171875,1504.2046666666677,1415.0055833333338,1339.1417271641067,1309.7080047372735,1373.0467423879716
1598.818,2020,2,29,1,60,9,5,2,1,-2.860992302810137,-1.569396036953404,38.150001525878906,30.046001434326172,1546.5036666666676,1438.2608333333337,1352.1255408059014,1318.3813045951551,1391.108442996934
1593.764,2020,3,31,1,91,14,1,2,1,-2.0148428307642665,0.6871392974637596,-5.053999900817871,-85.6969985961914,1584.4166666666679,1462.550666666667,1364.2074637656065,1326.6427854573005,1407.3208875571793
1680.03,2020,4,30,2,121,18,3,2,1,-1.3506927467825465,-0.45479742657711536,86.26599884033203,48.115997314453125,1624.2040000000013,1495.249,1379.9985905773262,1337.2444018935817,1429.1376165526049
1715.6970000000001,2020,5,31,2,152,22,6,2,1,-0.710048094876537,-1.7051514051779206,35.66699981689453,40.72100067138672,1663.163666666668,1531.3520833333334,1396.7835110484598,1348.5979798367741,1452.0623672283966
1734.0320000000002,2020,6,30,2,182,27,1,2,1,-0.5044679341306622,0.4377423255078418,18.334999084472656,-67.93099975585938,1709.9196666666678,1562.6474166666667,1413.6459354960368,1360.161000441671,1474.6199378501249
1840.807,2020,7,31,3,213,31,4,2,1,0.5899757442942588,-0.7864737409887732,106.7750015258789,71.10800170898438,1763.5120000000013,1598.16375,1435.003988721235,1374.5803804284208,1503.914902822115
